date,league,round,home,away,pHome,pDraw,pAway,xgHome,xgAway,url
2026-08-15T17:30:00+00:00,la-liga,"Regular Season - 1","Alaves","Getafe",0.4204,0.282,0.2976,1.53,1.26,https://theopenmodel.com/match/alaves-vs-getafe-2026-08-15/
2026-08-15T19:30:00+00:00,la-liga,"Regular Season - 1","Sevilla","Rayo Vallecano",0.3699,0.2848,0.3452,1.42,1.36,https://theopenmodel.com/match/sevilla-vs-rayo-vallecano-2026-08-15/
2026-08-16T15:00:00+00:00,la-liga,"Regular Season - 1","Santander","Villarreal",0.2278,0.2701,0.502,1.08,1.7,https://theopenmodel.com/match/santander-vs-villarreal-2026-08-16/
2026-08-16T17:00:00+00:00,la-liga,"Regular Season - 1","Espanyol","Levante",0.4326,0.2808,0.2866,1.55,1.23,https://theopenmodel.com/match/espanyol-vs-levante-2026-08-16/
2026-08-17T19:00:00+00:00,la-liga,"Regular Season - 1","Depor","Elche",0.3264,0.2842,0.3894,1.32,1.46,https://theopenmodel.com/match/depor-vs-elche-2026-08-17/
2026-08-19T19:00:00+00:00,la-liga,"Regular Season - 1","Atletico","Malaga",0.7273,0.1951,0.0776,2.18,0.6,https://theopenmodel.com/match/atletico-vs-malaga-2026-08-19/
2026-08-20T19:00:00+00:00,la-liga,"Regular Season - 2","Rayo Vallecano","Alaves",0.4614,0.2771,0.2614,1.61,1.17,https://theopenmodel.com/match/rayo-vallecano-vs-alaves-2026-08-20/
2026-08-21T18:45:00+00:00,ligue-1,"Regular Season - 1","Marseille","Strasbourg",0.4566,0.2778,0.2655,1.6,1.18,https://theopenmodel.com/match/marseille-vs-strasbourg-2026-08-21/
2026-08-21T19:00:00+00:00,premier-league,"Regular Season - 1","Arsenal","Coventry",0.8518,0.1249,0.0233,2.53,0.3,https://theopenmodel.com/match/arsenal-vs-coventry-2026-08-21/
2026-08-21T19:00:00+00:00,la-liga,"Regular Season - 2","Betis","Sociedad",0.5214,0.2661,0.2125,1.74,1.04,https://theopenmodel.com/match/betis-vs-sociedad-2026-08-21/
2026-08-22T11:30:00+00:00,premier-league,"Regular Season - 1","Hull","Man United",0.0982,0.2118,0.6901,0.69,2.1,https://theopenmodel.com/match/hull-vs-man-united-2026-08-22/
2026-08-22T14:00:00+00:00,premier-league,"Regular Season - 1","Everton","Crystal Palace",0.4424,0.2797,0.2779,1.57,1.21,https://theopenmodel.com/match/everton-vs-crystal-palace-2026-08-22/
2026-08-22T14:00:00+00:00,premier-league,"Regular Season - 1","Ipswich","Sunderland",0.329,0.2843,0.3867,1.33,1.45,https://theopenmodel.com/match/ipswich-vs-sunderland-2026-08-22/
2026-08-22T14:00:00+00:00,premier-league,"Regular Season - 1","Forest","Leeds",0.4138,0.2826,0.3036,1.51,1.27,https://theopenmodel.com/match/forest-vs-leeds-2026-08-22/
2026-08-22T15:00:00+00:00,la-liga,"Regular Season - 2","Bilbao","Sevilla",0.4171,0.2823,0.3006,1.52,1.26,https://theopenmodel.com/match/bilbao-vs-sevilla-2026-08-22/
2026-08-22T15:15:00+00:00,ligue-1,"Regular Season - 1","Lens","Auxerre",0.6044,0.2436,0.152,1.91,0.87,https://theopenmodel.com/match/lens-vs-auxerre-2026-08-22/
2026-08-22T16:30:00+00:00,premier-league,"Regular Season - 1","Brentford","Tottenham",0.5124,0.268,0.2196,1.72,1.06,https://theopenmodel.com/match/brentford-vs-tottenham-2026-08-22/
2026-08-22T16:30:00+00:00,serie-a,"Regular Season - 1","Udinese","Como",0.2886,0.281,0.4303,1.23,1.55,https://theopenmodel.com/match/udinese-vs-como-2026-08-22/
2026-08-22T16:30:00+00:00,serie-a,"Regular Season - 1","Inter","Monza",0.8122,0.1504,0.0374,2.39,0.39,https://theopenmodel.com/match/inter-vs-monza-2026-08-22/
2026-08-22T17:30:00+00:00,la-liga,"Regular Season - 2","Valencia","Celta",0.4058,0.2832,0.311,1.5,1.29,https://theopenmodel.com/match/valencia-vs-celta-2026-08-22/
2026-08-22T18:45:00+00:00,serie-a,"Regular Season - 1","Genoa","Napoli",0.2157,0.267,0.5173,1.05,1.73,https://theopenmodel.com/match/genoa-vs-napoli-2026-08-22/
2026-08-22T18:45:00+00:00,serie-a,"Regular Season - 1","Parma","Cagliari",0.3925,0.284,0.3235,1.47,1.31,https://theopenmodel.com/match/parma-vs-cagliari-2026-08-22/
2026-08-22T18:45:00+00:00,ligue-1,"Regular Season - 1","Nice","Lorient",0.3481,0.2849,0.3671,1.37,1.41,https://theopenmodel.com/match/nice-vs-lorient-2026-08-22/
2026-08-22T18:45:00+00:00,ligue-1,"Regular Season - 1","Toulouse","Lyon",0.292,0.2814,0.4265,1.24,1.54,https://theopenmodel.com/match/toulouse-vs-lyon-2026-08-22/
2026-08-22T18:45:00+00:00,ligue-1,"Regular Season - 1","Troyes","Paris FC",0.2945,0.2817,0.4238,1.25,1.53,https://theopenmodel.com/match/troyes-vs-paris-fc-2026-08-22/
2026-08-22T18:45:00+00:00,ligue-1,"Regular Season - 1","Le Mans","Brest",0.2744,0.2792,0.4464,1.2,1.58,https://theopenmodel.com/match/le-mans-vs-brest-2026-08-22/
2026-08-22T19:30:00+00:00,la-liga,"Regular Season - 2","Espanyol","Real Madrid",0.128,0.2311,0.6409,0.79,1.99,https://theopenmodel.com/match/espanyol-vs-real-madrid-2026-08-22/
2026-08-23T13:00:00+00:00,premier-league,"Regular Season - 1","Man City","Bournemouth",0.5324,0.2636,0.204,1.76,1.02,https://theopenmodel.com/match/man-city-vs-bournemouth-2026-08-23/
2026-08-23T13:00:00+00:00,premier-league,"Regular Season - 1","Brighton","Aston Villa",0.3236,0.284,0.3923,1.32,1.47,https://theopenmodel.com/match/brighton-vs-aston-villa-2026-08-23/
2026-08-23T13:00:00+00:00,ligue-1,"Regular Season - 1","Angers","Lille",0.2042,0.2636,0.5322,1.02,1.76,https://theopenmodel.com/match/angers-vs-lille-2026-08-23/
2026-08-23T15:00:00+00:00,la-liga,"Regular Season - 2","Atletico","Villarreal",0.5042,0.2697,0.2261,1.7,1.08,https://theopenmodel.com/match/atletico-vs-villarreal-2026-08-23/
2026-08-23T15:15:00+00:00,ligue-1,"Regular Season - 1","Le Havre","Monaco",0.2614,0.2771,0.4614,1.17,1.61,https://theopenmodel.com/match/le-havre-vs-monaco-2026-08-23/
2026-08-23T15:30:00+00:00,premier-league,"Regular Season - 1","Newcastle","Liverpool",0.3299,0.2843,0.3857,1.33,1.45,https://theopenmodel.com/match/newcastle-vs-liverpool-2026-08-23/
2026-08-23T16:30:00+00:00,serie-a,"Regular Season - 1","Frosinone","Juventus",0.1938,0.2603,0.5459,0.99,1.79,https://theopenmodel.com/match/frosinone-vs-juventus-2026-08-23/
2026-08-23T16:30:00+00:00,serie-a,"Regular Season - 1","Venezia","Lecce",0.4505,0.2786,0.2708,1.59,1.19,https://theopenmodel.com/match/venezia-vs-lecce-2026-08-23/
2026-08-23T17:30:00+00:00,la-liga,"Regular Season - 2","Getafe","Santander",0.4896,0.2725,0.2379,1.67,1.11,https://theopenmodel.com/match/getafe-vs-santander-2026-08-23/
2026-08-23T18:45:00+00:00,serie-a,"Regular Season - 1","Atalanta","Sassuolo",0.5835,0.25,0.1665,1.87,0.92,https://theopenmodel.com/match/atalanta-vs-sassuolo-2026-08-23/
2026-08-23T18:45:00+00:00,serie-a,"Regular Season - 1","Torino","Milan",0.2733,0.279,0.4477,1.2,1.58,https://theopenmodel.com/match/torino-vs-milan-2026-08-23/
2026-08-23T18:45:00+00:00,ligue-1,"Regular Season - 1","Rennes","Paris SG",0.1559,0.2454,0.5987,0.88,1.9,https://theopenmodel.com/match/rennes-vs-paris-sg-2026-08-23/
2026-08-23T19:30:00+00:00,la-liga,"Regular Season - 2","Elche","Barcelona",0.0997,0.2128,0.6875,0.69,2.09,https://theopenmodel.com/match/elche-vs-barcelona-2026-08-23/
2026-08-24T16:30:00+00:00,serie-a,"Regular Season - 1","Bologna","Lazio",0.4118,0.2828,0.3055,1.51,1.27,https://theopenmodel.com/match/bologna-vs-lazio-2026-08-24/
2026-08-24T17:30:00+00:00,la-liga,"Regular Season - 2","Osasuna","Levante",0.4452,0.2793,0.2755,1.58,1.2,https://theopenmodel.com/match/osasuna-vs-levante-2026-08-24/
2026-08-24T18:45:00+00:00,serie-a,"Regular Season - 1","Roma","Fiorentina",0.5617,0.2562,0.1821,1.82,0.96,https://theopenmodel.com/match/roma-vs-fiorentina-2026-08-24/
2026-08-24T19:00:00+00:00,premier-league,"Regular Season - 1","Fulham","Chelsea",0.3929,0.284,0.3231,1.47,1.31,https://theopenmodel.com/match/fulham-vs-chelsea-2026-08-24/
2026-08-24T19:30:00+00:00,la-liga,"Regular Season - 2","Malaga","Depor",0.4353,0.2805,0.2842,1.56,1.22,https://theopenmodel.com/match/malaga-vs-depor-2026-08-24/
2026-08-25T19:00:00+00:00,la-liga,"Regular Season - 1","Valencia","Betis",0.3475,0.2849,0.3676,1.37,1.41,https://theopenmodel.com/match/valencia-vs-betis-2026-08-25/
2026-08-26T19:00:00+00:00,la-liga,"Regular Season - 1","Real Madrid","Sociedad",0.7239,0.1967,0.0794,2.17,0.61,https://theopenmodel.com/match/real-madrid-vs-sociedad-2026-08-26/
2026-08-27T18:30:00+00:00,la-liga,"Regular Season - 1","Celta","Osasuna",0.4763,0.2748,0.2489,1.64,1.14,https://theopenmodel.com/match/celta-vs-osasuna-2026-08-27/
2026-08-27T19:00:00+00:00,la-liga,"Regular Season - 1","Barcelona","Bilbao",0.755,0.1816,0.0634,2.25,0.54,https://theopenmodel.com/match/barcelona-vs-bilbao-2026-08-27/
2026-08-28T17:00:00+00:00,la-liga,"Regular Season - 3","Santander","Elche",0.3697,0.2848,0.3455,1.42,1.36,https://theopenmodel.com/match/santander-vs-elche-2026-08-28/
2026-08-28T18:30:00+00:00,bundesliga,"Regular Season - 1","Bayern","Stuttgart",0.6943,0.2099,0.0957,2.11,0.68,https://theopenmodel.com/match/bayern-vs-stuttgart-2026-08-28/
2026-08-28T18:45:00+00:00,serie-a,"Regular Season - 2","Milan","Venezia",0.595,0.2465,0.1584,1.89,0.89,https://theopenmodel.com/match/milan-vs-venezia-2026-08-28/
2026-08-28T18:45:00+00:00,ligue-1,"Regular Season - 2","Lille","Paris SG",0.1791,0.2551,0.5658,0.95,1.83,https://theopenmodel.com/match/lille-vs-paris-sg-2026-08-28/
2026-08-28T19:00:00+00:00,premier-league,"Regular Season - 2","Crystal Palace","Man City",0.22,0.2682,0.5118,1.06,1.72,https://theopenmodel.com/match/crystal-palace-vs-man-city-2026-08-28/
2026-08-28T19:30:00+00:00,la-liga,"Regular Season - 3","Alaves","Villarreal",0.2981,0.2821,0.4198,1.26,1.52,https://theopenmodel.com/match/alaves-vs-villarreal-2026-08-28/
2026-08-29T11:30:00+00:00,premier-league,"Regular Season - 2","Liverpool","Forest",0.5351,0.263,0.202,1.77,1.02,https://theopenmodel.com/match/liverpool-vs-forest-2026-08-29/
2026-08-29T13:30:00+00:00,bundesliga,"Regular Season - 1","Mainz","Paderborn",0.5894,0.2482,0.1623,1.88,0.9,https://theopenmodel.com/match/mainz-vs-paderborn-2026-08-29/
2026-08-29T13:30:00+00:00,bundesliga,"Regular Season - 1","RB Leipzig","Gladbach",0.5591,0.2569,0.184,1.82,0.97,https://theopenmodel.com/match/rb-leipzig-vs-gladbach-2026-08-29/
2026-08-29T13:30:00+00:00,bundesliga,"Regular Season - 1","Union Berlin","Frankfurt",0.3625,0.2849,0.3526,1.4,1.38,https://theopenmodel.com/match/union-berlin-vs-frankfurt-2026-08-29/
2026-08-29T13:30:00+00:00,bundesliga,"Regular Season - 1","Koeln","Hoffenheim",0.2668,0.278,0.4552,1.18,1.6,https://theopenmodel.com/match/koeln-vs-hoffenheim-2026-08-29/
2026-08-29T13:30:00+00:00,bundesliga,"Regular Season - 1","Elversberg","Leverkusen",0.1333,0.2341,0.6326,0.81,1.97,https://theopenmodel.com/match/elversberg-vs-leverkusen-2026-08-29/
2026-08-29T14:00:00+00:00,premier-league,"Regular Season - 2","Bournemouth","Everton",0.4812,0.274,0.2448,1.65,1.13,https://theopenmodel.com/match/bournemouth-vs-everton-2026-08-29/
2026-08-29T14:00:00+00:00,premier-league,"Regular Season - 2","Coventry","Hull",0.5344,0.2631,0.2024,1.76,1.02,https://theopenmodel.com/match/coventry-vs-hull-2026-08-29/
2026-08-29T15:00:00+00:00,la-liga,"Regular Season - 3","Levante","Betis",0.2699,0.2785,0.4516,1.19,1.59,https://theopenmodel.com/match/levante-vs-betis-2026-08-29/
2026-08-29T15:15:00+00:00,ligue-1,"Regular Season - 2","Strasbourg","Lens",0.3233,0.284,0.3927,1.31,1.47,https://theopenmodel.com/match/strasbourg-vs-lens-2026-08-29/
2026-08-29T16:30:00+00:00,premier-league,"Regular Season - 2","Tottenham","Newcastle",0.3317,0.2844,0.3839,1.33,1.45,https://theopenmodel.com/match/tottenham-vs-newcastle-2026-08-29/
2026-08-29T16:30:00+00:00,serie-a,"Regular Season - 2","Sassuolo","Torino",0.4115,0.2828,0.3057,1.51,1.27,https://theopenmodel.com/match/sassuolo-vs-torino-2026-08-29/
2026-08-29T16:30:00+00:00,serie-a,"Regular Season - 2","Fiorentina","Frosinone",0.5403,0.2617,0.198,1.78,1.01,https://theopenmodel.com/match/fiorentina-vs-frosinone-2026-08-29/
2026-08-29T16:30:00+00:00,serie-a,"Regular Season - 2","Monza","Udinese",0.294,0.2816,0.4244,1.25,1.53,https://theopenmodel.com/match/monza-vs-udinese-2026-08-29/
2026-08-29T16:30:00+00:00,bundesliga,"Regular Season - 1","Dortmund","Hamburg",0.6894,0.212,0.0986,2.09,0.69,https://theopenmodel.com/match/dortmund-vs-hamburg-2026-08-29/
2026-08-29T17:00:00+00:00,la-liga,"Regular Season - 3","Sociedad","Espanyol",0.4421,0.2797,0.2782,1.57,1.21,https://theopenmodel.com/match/sociedad-vs-espanyol-2026-08-29/
2026-08-29T18:45:00+00:00,serie-a,"Regular Season - 2","Juventus","Parma",0.6341,0.2335,0.1323,1.97,0.81,https://theopenmodel.com/match/juventus-vs-parma-2026-08-29/
2026-08-29T18:45:00+00:00,ligue-1,"Regular Season - 2","Lyon","Le Havre",0.6124,0.241,0.1466,1.93,0.85,https://theopenmodel.com/match/lyon-vs-le-havre-2026-08-29/
2026-08-29T18:45:00+00:00,ligue-1,"Regular Season - 2","Lorient","Troyes",0.5542,0.2582,0.1876,1.81,0.98,https://theopenmodel.com/match/lorient-vs-troyes-2026-08-29/
2026-08-29T18:45:00+00:00,ligue-1,"Regular Season - 2","Brest","Toulouse",0.3919,0.2841,0.3241,1.47,1.32,https://theopenmodel.com/match/brest-vs-toulouse-2026-08-29/
2026-08-29T18:45:00+00:00,ligue-1,"Regular Season - 2","Auxerre","Angers",0.4958,0.2714,0.2329,1.68,1.1,https://theopenmodel.com/match/auxerre-vs-angers-2026-08-29/
2026-08-29T19:30:00+00:00,la-liga,"Regular Season - 3","Sevilla","Atletico",0.2233,0.269,0.5077,1.07,1.71,https://theopenmodel.com/match/sevilla-vs-atletico-2026-08-29/
2026-08-30T13:00:00+00:00,premier-league,"Regular Season - 2","Chelsea","Brighton",0.4012,0.2835,0.3153,1.49,1.3,https://theopenmodel.com/match/chelsea-vs-brighton-2026-08-30/
2026-08-30T13:00:00+00:00,premier-league,"Regular Season - 2","Leeds","Brentford",0.3696,0.2848,0.3456,1.42,1.36,https://theopenmodel.com/match/leeds-vs-brentford-2026-08-30/
2026-08-30T13:00:00+00:00,premier-league,"Regular Season - 2","Sunderland","Fulham",0.3136,0.2834,0.403,1.29,1.49,https://theopenmodel.com/match/sunderland-vs-fulham-2026-08-30/
2026-08-30T13:00:00+00:00,ligue-1,"Regular Season - 2","Paris FC","Nice",0.4686,0.276,0.2553,1.63,1.15,https://theopenmodel.com/match/paris-fc-vs-nice-2026-08-30/
2026-08-30T13:30:00+00:00,bundesliga,"Regular Season - 1","Freiburg","Werder",0.5565,0.2576,0.186,1.81,0.97,https://theopenmodel.com/match/freiburg-vs-werder-2026-08-30/
2026-08-30T15:00:00+00:00,la-liga,"Regular Season - 3","Real Madrid","Malaga",0.8237,0.1435,0.0328,2.42,0.36,https://theopenmodel.com/match/real-madrid-vs-malaga-2026-08-30/
2026-08-30T15:15:00+00:00,ligue-1,"Regular Season - 2","Rennes","Le Mans",0.6772,0.2171,0.1057,2.07,0.71,https://theopenmodel.com/match/rennes-vs-le-mans-2026-08-30/
2026-08-30T15:30:00+00:00,premier-league,"Regular Season - 2","Man United","Ipswich",0.696,0.2092,0.0948,2.11,0.67,https://theopenmodel.com/match/man-united-vs-ipswich-2026-08-30/
2026-08-30T15:30:00+00:00,bundesliga,"Regular Season - 1","Augsburg","Schalke",0.5538,0.2583,0.1879,1.8,0.98,https://theopenmodel.com/match/augsburg-vs-schalke-2026-08-30/
2026-08-30T16:30:00+00:00,serie-a,"Regular Season - 2","Napoli","Como",0.4527,0.2784,0.2689,1.59,1.19,https://theopenmodel.com/match/napoli-vs-como-2026-08-30/
2026-08-30T17:30:00+00:00,la-liga,"Regular Season - 3","Depor","Valencia",0.2497,0.275,0.4753,1.14,1.64,https://theopenmodel.com/match/depor-vs-valencia-2026-08-30/
2026-08-30T18:45:00+00:00,serie-a,"Regular Season - 2","Lazio","Genoa",0.5288,0.2644,0.2068,1.75,1.03,https://theopenmodel.com/match/lazio-vs-genoa-2026-08-30/
2026-08-30T18:45:00+00:00,serie-a,"Regular Season - 2","Cagliari","Inter",0.1298,0.2321,0.6381,0.8,1.98,https://theopenmodel.com/match/cagliari-vs-inter-2026-08-30/
2026-08-30T18:45:00+00:00,ligue-1,"Regular Season - 2","Monaco","Marseille",0.3974,0.2838,0.3189,1.48,1.3,https://theopenmodel.com/match/monaco-vs-marseille-2026-08-30/
2026-08-30T19:30:00+00:00,la-liga,"Regular Season - 3","Celta","Bilbao",0.4666,0.2764,0.2571,1.62,1.16,https://theopenmodel.com/match/celta-vs-bilbao-2026-08-30/
2026-08-31T16:30:00+00:00,serie-a,"Regular Season - 2","Lecce","Roma",0.178,0.2546,0.5674,0.95,1.83,https://theopenmodel.com/match/lecce-vs-roma-2026-08-31/
2026-08-31T17:30:00+00:00,la-liga,"Regular Season - 3","Osasuna","Getafe",0.4162,0.2824,0.3014,1.52,1.26,https://theopenmodel.com/match/osasuna-vs-getafe-2026-08-31/
2026-08-31T18:45:00+00:00,serie-a,"Regular Season - 2","Atalanta","Bologna",0.4882,0.2728,0.239,1.67,1.11,https://theopenmodel.com/match/atalanta-vs-bologna-2026-08-31/
2026-08-31T19:00:00+00:00,premier-league,"Regular Season - 2","Aston Villa","Arsenal",0.2537,0.2757,0.4705,1.15,1.63,https://theopenmodel.com/match/aston-villa-vs-arsenal-2026-08-31/
2026-08-31T19:30:00+00:00,la-liga,"Regular Season - 3","Barcelona","Rayo Vallecano",0.7173,0.1998,0.0829,2.16,0.62,https://theopenmodel.com/match/barcelona-vs-rayo-vallecano-2026-08-31/
2026-09-03T18:45:00+00:00,ligue-1,"Regular Season - 3","Toulouse","Lille",0.2945,0.2817,0.4238,1.25,1.53,https://theopenmodel.com/match/toulouse-vs-lille-2026-09-03/
2026-09-03T19:00:00+00:00,la-liga,"Regular Season - 6","Sociedad","Celta",0.3684,0.2849,0.3467,1.41,1.37,https://theopenmodel.com/match/sociedad-vs-celta-2026-09-03/
2026-09-04T17:00:00+00:00,ligue-1,"Regular Season - 3","Lyon","Auxerre",0.5698,0.254,0.1763,1.84,0.94,https://theopenmodel.com/match/lyon-vs-auxerre-2026-09-04/
2026-09-04T18:30:00+00:00,bundesliga,"Regular Season - 2","Stuttgart","Koeln",0.6471,0.2288,0.1241,2,0.78,https://theopenmodel.com/match/stuttgart-vs-koeln-2026-09-04/
2026-09-04T18:45:00+00:00,serie-a,"Regular Season - 3","Genoa","Como",0.2474,0.2745,0.4781,1.13,1.65,https://theopenmodel.com/match/genoa-vs-como-2026-09-04/
2026-09-04T19:00:00+00:00,premier-league,"Regular Season - 3","Ipswich","Liverpool",0.1494,0.2423,0.6083,0.86,1.92,https://theopenmodel.com/match/ipswich-vs-liverpool-2026-09-04/
2026-09-04T19:00:00+00:00,la-liga,"Regular Season - 4","Betis","Real Madrid",0.2249,0.2694,0.5057,1.08,1.7,https://theopenmodel.com/match/betis-vs-real-madrid-2026-09-04/
2026-09-04T19:05:00+00:00,ligue-1,"Regular Season - 3","Paris SG","Monaco",0.7091,0.2035,0.0874,2.14,0.64,https://theopenmodel.com/match/paris-sg-vs-monaco-2026-09-04/
2026-09-05T11:30:00+00:00,premier-league,"Regular Season - 3","Newcastle","Bournemouth",0.3738,0.2847,0.3414,1.43,1.35,https://theopenmodel.com/match/newcastle-vs-bournemouth-2026-09-05/
2026-09-05T13:00:00+00:00,serie-a,"Regular Season - 3","Fiorentina","Torino",0.4689,0.276,0.2551,1.63,1.15,https://theopenmodel.com/match/fiorentina-vs-torino-2026-09-05/
2026-09-05T13:30:00+00:00,bundesliga,"Regular Season - 2","Werder","RB Leipzig",0.2428,0.2736,0.4836,1.12,1.66,https://theopenmodel.com/match/werder-vs-rb-leipzig-2026-09-05/
2026-09-05T13:30:00+00:00,bundesliga,"Regular Season - 2","Gladbach","Elversberg",0.5546,0.2581,0.1873,1.81,0.98,https://theopenmodel.com/match/gladbach-vs-elversberg-2026-09-05/
2026-09-05T13:30:00+00:00,bundesliga,"Regular Season - 2","Hoffenheim","Dortmund",0.2645,0.2776,0.4578,1.18,1.6,https://theopenmodel.com/match/hoffenheim-vs-dortmund-2026-09-05/
2026-09-05T13:30:00+00:00,bundesliga,"Regular Season - 2","Leverkusen","Union Berlin",0.6343,0.2335,0.1322,1.97,0.81,https://theopenmodel.com/match/leverkusen-vs-union-berlin-2026-09-05/
2026-09-05T13:30:00+00:00,bundesliga,"Regular Season - 2","Paderborn","Freiburg",0.2012,0.2627,0.5361,1.01,1.77,https://theopenmodel.com/match/paderborn-vs-freiburg-2026-09-05/
2026-09-05T14:00:00+00:00,premier-league,"Regular Season - 3","Fulham","Crystal Palace",0.4395,0.28,0.2805,1.57,1.22,https://theopenmodel.com/match/fulham-vs-crystal-palace-2026-09-05/
2026-09-05T14:00:00+00:00,premier-league,"Regular Season - 3","Man City","Coventry",0.7739,0.1718,0.0543,2.29,0.49,https://theopenmodel.com/match/man-city-vs-coventry-2026-09-05/
2026-09-05T14:00:00+00:00,premier-league,"Regular Season - 3","Brighton","Leeds",0.4521,0.2784,0.2695,1.59,1.19,https://theopenmodel.com/match/brighton-vs-leeds-2026-09-05/
2026-09-05T14:00:00+00:00,premier-league,"Regular Season - 3","Brentford","Sunderland",0.5615,0.2563,0.1823,1.82,0.96,https://theopenmodel.com/match/brentford-vs-sunderland-2026-09-05/
2026-09-05T14:00:00+00:00,premier-league,"Regular Season - 3","Forest","Tottenham",0.4662,0.2764,0.2574,1.62,1.16,https://theopenmodel.com/match/forest-vs-tottenham-2026-09-05/
2026-09-05T14:15:00+00:00,la-liga,"Regular Season - 4","Bilbao","Atletico",0.2258,0.2696,0.5046,1.08,1.7,https://theopenmodel.com/match/bilbao-vs-atletico-2026-09-05/
2026-09-05T15:15:00+00:00,ligue-1,"Regular Season - 3","Lens","Lorient",0.5767,0.252,0.1713,1.85,0.93,https://theopenmodel.com/match/lens-vs-lorient-2026-09-05/
2026-09-05T16:00:00+00:00,serie-a,"Regular Season - 3","Inter","Napoli",0.5342,0.2632,0.2026,1.76,1.02,https://theopenmodel.com/match/inter-vs-napoli-2026-09-05/
2026-09-05T16:30:00+00:00,premier-league,"Regular Season - 3","Hull","Aston Villa",0.0789,0.1963,0.7248,0.61,2.17,https://theopenmodel.com/match/hull-vs-aston-villa-2026-09-05/
2026-09-05T16:30:00+00:00,la-liga,"Regular Season - 4","Rayo Vallecano","Santander",0.5442,0.2607,0.1951,1.78,1,https://theopenmodel.com/match/rayo-vallecano-vs-santander-2026-09-05/
2026-09-05T16:30:00+00:00,bundesliga,"Regular Season - 2","Schalke","Bayern",0.0256,0.1317,0.8427,0.31,2.47,https://theopenmodel.com/match/schalke-vs-bayern-2026-09-05/
2026-09-05T18:45:00+00:00,serie-a,"Regular Season - 3","Roma","Atalanta",0.4496,0.2788,0.2716,1.59,1.19,https://theopenmodel.com/match/roma-vs-atalanta-2026-09-05/
2026-09-05T18:45:00+00:00,ligue-1,"Regular Season - 3","Nice","Le Mans",0.5193,0.2666,0.2142,1.73,1.05,https://theopenmodel.com/match/nice-vs-le-mans-2026-09-05/
2026-09-05T18:45:00+00:00,ligue-1,"Regular Season - 3","Le Havre","Brest",0.3688,0.2849,0.3464,1.42,1.37,https://theopenmodel.com/match/le-havre-vs-brest-2026-09-05/
2026-09-05T19:00:00+00:00,la-liga,"Regular Season - 4","Villarreal","Depor",0.6632,0.2227,0.1141,2.04,0.74,https://theopenmodel.com/match/villarreal-vs-depor-2026-09-05/
2026-09-06T13:00:00+00:00,premier-league,"Regular Season - 3","Everton","Man United",0.3293,0.2843,0.3864,1.33,1.45,https://theopenmodel.com/match/everton-vs-man-united-2026-09-06/
2026-09-06T13:00:00+00:00,serie-a,"Regular Season - 3","Frosinone","Venezia",0.3743,0.2847,0.341,1.43,1.35,https://theopenmodel.com/match/frosinone-vs-venezia-2026-09-06/
2026-09-06T13:00:00+00:00,serie-a,"Regular Season - 3","Parma","Monza",0.4698,0.2759,0.2543,1.63,1.15,https://theopenmodel.com/match/parma-vs-monza-2026-09-06/
2026-09-06T13:00:00+00:00,ligue-1,"Regular Season - 3","Troyes","Strasbourg",0.2256,0.2696,0.5048,1.08,1.7,https://theopenmodel.com/match/troyes-vs-strasbourg-2026-09-06/
2026-09-06T13:30:00+00:00,bundesliga,"Regular Season - 2","Hamburg","Mainz",0.3338,0.2845,0.3817,1.34,1.44,https://theopenmodel.com/match/hamburg-vs-mainz-2026-09-06/
2026-09-06T14:15:00+00:00,la-liga,"Regular Season - 4","Valencia","Barcelona",0.1525,0.2438,0.6037,0.87,1.91,https://theopenmodel.com/match/valencia-vs-barcelona-2026-09-06/
2026-09-06T15:15:00+00:00,ligue-1,"Regular Season - 3","Angers","Rennes",0.2303,0.2708,0.4989,1.09,1.69,https://theopenmodel.com/match/angers-vs-rennes-2026-09-06/
2026-09-06T15:30:00+00:00,premier-league,"Regular Season - 3","Arsenal","Chelsea",0.6919,0.211,0.0971,2.1,0.68,https://theopenmodel.com/match/arsenal-vs-chelsea-2026-09-06/
2026-09-06T15:30:00+00:00,bundesliga,"Regular Season - 2","Frankfurt","Augsburg",0.4465,0.2792,0.2743,1.58,1.2,https://theopenmodel.com/match/frankfurt-vs-augsburg-2026-09-06/
2026-09-06T16:00:00+00:00,serie-a,"Regular Season - 3","Bologna","Sassuolo",0.5088,0.2688,0.2224,1.71,1.07,https://theopenmodel.com/match/bologna-vs-sassuolo-2026-09-06/
2026-09-06T16:30:00+00:00,la-liga,"Regular Season - 4","Malaga","Levante",0.3455,0.2848,0.3697,1.36,1.42,https://theopenmodel.com/match/malaga-vs-levante-2026-09-06/
2026-09-06T16:30:00+00:00,la-liga,"Regular Season - 4","Alaves","Osasuna",0.4181,0.2822,0.2996,1.52,1.26,https://theopenmodel.com/match/alaves-vs-osasuna-2026-09-06/
2026-09-06T18:45:00+00:00,serie-a,"Regular Season - 3","Juventus","Milan",0.4404,0.2799,0.2797,1.57,1.21,https://theopenmodel.com/match/juventus-vs-milan-2026-09-06/
2026-09-06T18:45:00+00:00,ligue-1,"Regular Season - 3","Marseille","Paris FC",0.5381,0.2622,0.1997,1.77,1.01,https://theopenmodel.com/match/marseille-vs-paris-fc-2026-09-06/
2026-09-06T19:00:00+00:00,la-liga,"Regular Season - 4","Espanyol","Sevilla",0.3951,0.2839,0.321,1.47,1.31,https://theopenmodel.com/match/espanyol-vs-sevilla-2026-09-06/
2026-09-07T16:00:00+00:00,serie-a,"Regular Season - 3","Cagliari","Lecce",0.4595,0.2774,0.2631,1.61,1.17,https://theopenmodel.com/match/cagliari-vs-lecce-2026-09-07/
2026-09-07T17:00:00+00:00,la-liga,"Regular Season - 4","Getafe","Celta",0.3513,0.2849,0.3637,1.38,1.4,https://theopenmodel.com/match/getafe-vs-celta-2026-09-07/
2026-09-07T18:45:00+00:00,serie-a,"Regular Season - 3","Udinese","Lazio",0.3494,0.2849,0.3657,1.37,1.41,https://theopenmodel.com/match/udinese-vs-lazio-2026-09-07/
2026-09-07T19:30:00+00:00,la-liga,"Regular Season - 4","Elche","Sociedad",0.3672,0.2849,0.348,1.41,1.37,https://theopenmodel.com/match/elche-vs-sociedad-2026-09-07/
2026-09-11T18:30:00+00:00,bundesliga,"Regular Season - 3","Union Berlin","Schalke",0.5334,0.2634,0.2033,1.76,1.02,https://theopenmodel.com/match/union-berlin-vs-schalke-2026-09-11/
2026-09-11T18:45:00+00:00,serie-a,"Regular Season - 4","Venezia","Fiorentina",0.332,0.2844,0.3835,1.33,1.45,https://theopenmodel.com/match/venezia-vs-fiorentina-2026-09-11/
2026-09-11T18:45:00+00:00,ligue-1,"Regular Season - 4","Rennes","Marseille",0.3957,0.2838,0.3204,1.47,1.31,https://theopenmodel.com/match/rennes-vs-marseille-2026-09-11/
2026-09-12T13:00:00+00:00,serie-a,"Regular Season - 4","Genoa","Frosinone",0.4647,0.2766,0.2587,1.62,1.16,https://theopenmodel.com/match/genoa-vs-frosinone-2026-09-12/
2026-09-12T13:30:00+00:00,bundesliga,"Regular Season - 3","Freiburg","Gladbach",0.5146,0.2676,0.2179,1.72,1.06,https://theopenmodel.com/match/freiburg-vs-gladbach-2026-09-12/
2026-09-12T13:30:00+00:00,bundesliga,"Regular Season - 3","Mainz","Frankfurt",0.4236,0.2817,0.2947,1.53,1.25,https://theopenmodel.com/match/mainz-vs-frankfurt-2026-09-12/
2026-09-12T13:30:00+00:00,bundesliga,"Regular Season - 3","Dortmund","Paderborn",0.7717,0.173,0.0553,2.29,0.5,https://theopenmodel.com/match/dortmund-vs-paderborn-2026-09-12/
2026-09-12T13:30:00+00:00,bundesliga,"Regular Season - 3","Hoffenheim","Stuttgart",0.341,0.2847,0.3743,1.35,1.43,https://theopenmodel.com/match/hoffenheim-vs-stuttgart-2026-09-12/
2026-09-12T13:30:00+00:00,bundesliga,"Regular Season - 3","Augsburg","Leverkusen",0.2313,0.271,0.4977,1.09,1.69,https://theopenmodel.com/match/augsburg-vs-leverkusen-2026-09-12/
2026-09-12T14:00:00+00:00,premier-league,"Regular Season - 4","Bournemouth","Brentford",0.4423,0.2797,0.278,1.57,1.21,https://theopenmodel.com/match/bournemouth-vs-brentford-2026-09-12/
2026-09-12T14:00:00+00:00,premier-league,"Regular Season - 4","Liverpool","Fulham",0.531,0.2639,0.2051,1.76,1.02,https://theopenmodel.com/match/liverpool-vs-fulham-2026-09-12/
2026-09-12T14:00:00+00:00,premier-league,"Regular Season - 4","Chelsea","Hull",0.733,0.1924,0.0746,2.19,0.59,https://theopenmodel.com/match/chelsea-vs-hull-2026-09-12/
2026-09-12T14:00:00+00:00,premier-league,"Regular Season - 4","Crystal Palace","Ipswich",0.5825,0.2503,0.1672,1.86,0.92,https://theopenmodel.com/match/crystal-palace-vs-ipswich-2026-09-12/
2026-09-12T14:00:00+00:00,premier-league,"Regular Season - 4","Aston Villa","Forest",0.5473,0.2599,0.1927,1.79,0.99,https://theopenmodel.com/match/aston-villa-vs-forest-2026-09-12/
2026-09-12T15:15:00+00:00,ligue-1,"Regular Season - 4","Strasbourg","Monaco",0.3886,0.2842,0.3272,1.46,1.32,https://theopenmodel.com/match/strasbourg-vs-monaco-2026-09-12/
2026-09-12T16:00:00+00:00,serie-a,"Regular Season - 4","Sassuolo","Juventus",0.2484,0.2747,0.4769,1.14,1.64,https://theopenmodel.com/match/sassuolo-vs-juventus-2026-09-12/
2026-09-12T16:30:00+00:00,premier-league,"Regular Season - 4","Tottenham","Everton",0.3563,0.2849,0.3587,1.39,1.39,https://theopenmodel.com/match/tottenham-vs-everton-2026-09-12/
2026-09-12T16:30:00+00:00,bundesliga,"Regular Season - 3","Koeln","Werder",0.37,0.2848,0.3451,1.42,1.36,https://theopenmodel.com/match/koeln-vs-werder-2026-09-12/
2026-09-12T18:45:00+00:00,serie-a,"Regular Season - 4","Atalanta","Cagliari",0.6021,0.2443,0.1535,1.91,0.88,https://theopenmodel.com/match/atalanta-vs-cagliari-2026-09-12/
2026-09-12T18:45:00+00:00,ligue-1,"Regular Season - 4","Lorient","Toulouse",0.4157,0.2824,0.3019,1.52,1.27,https://theopenmodel.com/match/lorient-vs-toulouse-2026-09-12/
2026-09-12T18:45:00+00:00,ligue-1,"Regular Season - 4","Auxerre","Nice",0.4541,0.2782,0.2677,1.6,1.18,https://theopenmodel.com/match/auxerre-vs-nice-2026-09-12/
2026-09-12T18:45:00+00:00,ligue-1,"Regular Season - 4","Le Havre","Angers",0.4527,0.2784,0.2689,1.59,1.19,https://theopenmodel.com/match/le-havre-vs-angers-2026-09-12/
2026-09-12T18:45:00+00:00,ligue-1,"Regular Season - 4","Paris FC","Lyon",0.2817,0.2802,0.4382,1.22,1.56,https://theopenmodel.com/match/paris-fc-vs-lyon-2026-09-12/
2026-09-12T19:00:00+00:00,premier-league,"Regular Season - 4","Sunderland","Arsenal",0.0917,0.2069,0.7014,0.66,2.12,https://theopenmodel.com/match/sunderland-vs-arsenal-2026-09-12/
2026-09-13T10:30:00+00:00,serie-a,"Regular Season - 4","Torino","Roma",0.2296,0.2706,0.4999,1.09,1.69,https://theopenmodel.com/match/torino-vs-roma-2026-09-13/
2026-09-13T13:00:00+00:00,premier-league,"Regular Season - 4","Coventry","Brighton",0.2168,0.2673,0.5159,1.06,1.73,https://theopenmodel.com/match/coventry-vs-brighton-2026-09-13/
2026-09-13T13:00:00+00:00,serie-a,"Regular Season - 4","Lecce","Monza",0.446,0.2792,0.2748,1.58,1.2,https://theopenmodel.com/match/lecce-vs-monza-2026-09-13/
2026-09-13T13:00:00+00:00,serie-a,"Regular Season - 4","Como","Parma",0.6181,0.2391,0.1428,1.94,0.84,https://theopenmodel.com/match/como-vs-parma-2026-09-13/
2026-09-13T13:00:00+00:00,ligue-1,"Regular Season - 4","Lille","Troyes",0.6767,0.2173,0.106,2.07,0.72,https://theopenmodel.com/match/lille-vs-troyes-2026-09-13/
2026-09-13T13:30:00+00:00,bundesliga,"Regular Season - 3","RB Leipzig","Hamburg",0.6052,0.2433,0.1515,1.91,0.87,https://theopenmodel.com/match/rb-leipzig-vs-hamburg-2026-09-13/
2026-09-13T15:00:00+00:00,la-liga,"Regular Season - 5","Bilbao","Elche",0.4559,0.2779,0.2662,1.6,1.18,https://theopenmodel.com/match/bilbao-vs-elche-2026-09-13/
2026-09-13T15:00:00+00:00,la-liga,"Regular Season - 5","Villarreal","Betis",0.4175,0.2823,0.3002,1.52,1.26,https://theopenmodel.com/match/villarreal-vs-betis-2026-09-13/
2026-09-13T15:00:00+00:00,la-liga,"Regular Season - 5","Sevilla","Valencia",0.3677,0.2849,0.3474,1.41,1.37,https://theopenmodel.com/match/sevilla-vs-valencia-2026-09-13/
2026-09-13T15:00:00+00:00,la-liga,"Regular Season - 5","Celta","Malaga",0.5793,0.2513,0.1694,1.86,0.92,https://theopenmodel.com/match/celta-vs-malaga-2026-09-13/
2026-09-13T15:00:00+00:00,la-liga,"Regular Season - 5","Levante","Barcelona",0.1003,0.2133,0.6865,0.69,2.09,https://theopenmodel.com/match/levante-vs-barcelona-2026-09-13/
2026-09-13T15:00:00+00:00,la-liga,"Regular Season - 5","Real Madrid","Rayo Vallecano",0.6905,0.2116,0.0979,2.1,0.68,https://theopenmodel.com/match/real-madrid-vs-rayo-vallecano-2026-09-13/
2026-09-13T15:00:00+00:00,la-liga,"Regular Season - 5","Getafe","Depor",0.5359,0.2628,0.2013,1.77,1.01,https://theopenmodel.com/match/getafe-vs-depor-2026-09-13/
2026-09-13T15:00:00+00:00,la-liga,"Regular Season - 5","Sociedad","Atletico",0.2306,0.2708,0.4986,1.09,1.69,https://theopenmodel.com/match/sociedad-vs-atletico-2026-09-13/
2026-09-13T15:00:00+00:00,la-liga,"Regular Season - 5","Osasuna","Espanyol",0.4265,0.2814,0.292,1.54,1.24,https://theopenmodel.com/match/osasuna-vs-espanyol-2026-09-13/
2026-09-13T15:00:00+00:00,la-liga,"Regular Season - 5","Santander","Alaves",0.3349,0.2845,0.3805,1.34,1.44,https://theopenmodel.com/match/santander-vs-alaves-2026-09-13/
2026-09-13T15:15:00+00:00,ligue-1,"Regular Season - 4","Le Mans","Lens",0.1331,0.234,0.6329,0.81,1.97,https://theopenmodel.com/match/le-mans-vs-lens-2026-09-13/
2026-09-13T15:30:00+00:00,premier-league,"Regular Season - 4","Man United","Man City",0.321,0.2839,0.3951,1.31,1.47,https://theopenmodel.com/match/man-united-vs-man-city-2026-09-13/
2026-09-13T15:30:00+00:00,bundesliga,"Regular Season - 3","Elversberg","Bayern",0.0268,0.1338,0.8394,0.32,2.46,https://theopenmodel.com/match/elversberg-vs-bayern-2026-09-13/
2026-09-13T16:00:00+00:00,serie-a,"Regular Season - 4","Napoli","Bologna",0.5216,0.2661,0.2124,1.74,1.04,https://theopenmodel.com/match/napoli-vs-bologna-2026-09-13/
2026-09-13T18:45:00+00:00,serie-a,"Regular Season - 4","Lazio","Milan",0.3597,0.2849,0.3553,1.4,1.39,https://theopenmodel.com/match/lazio-vs-milan-2026-09-13/
2026-09-13T18:45:00+00:00,ligue-1,"Regular Season - 4","Brest","Paris SG",0.0868,0.203,0.7102,0.64,2.14,https://theopenmodel.com/match/brest-vs-paris-sg-2026-09-13/
2026-09-14T18:45:00+00:00,serie-a,"Regular Season - 4","Inter","Udinese",0.7023,0.2065,0.0912,2.12,0.66,https://theopenmodel.com/match/inter-vs-udinese-2026-09-14/
2026-09-14T19:00:00+00:00,premier-league,"Regular Season - 4","Leeds","Newcastle",0.3818,0.2845,0.3337,1.44,1.34,https://theopenmodel.com/match/leeds-vs-newcastle-2026-09-14/
2026-09-16T15:00:00+00:00,la-liga,"Regular Season - 6","Barcelona","Santander",0.8272,0.1414,0.0314,2.43,0.35,https://theopenmodel.com/match/barcelona-vs-santander-2026-09-16/
2026-09-16T15:00:00+00:00,la-liga,"Regular Season - 6","Atletico","Osasuna",0.6306,0.2348,0.1346,1.97,0.82,https://theopenmodel.com/match/atletico-vs-osasuna-2026-09-16/
2026-09-16T15:00:00+00:00,la-liga,"Regular Season - 6","Malaga","Villarreal",0.2085,0.2649,0.5266,1.03,1.75,https://theopenmodel.com/match/malaga-vs-villarreal-2026-09-16/
2026-09-16T15:00:00+00:00,la-liga,"Regular Season - 6","Levante","Bilbao",0.3739,0.2847,0.3413,1.43,1.35,https://theopenmodel.com/match/levante-vs-bilbao-2026-09-16/
2026-09-16T15:00:00+00:00,la-liga,"Regular Season - 6","Alaves","Valencia",0.3655,0.2849,0.3496,1.41,1.37,https://theopenmodel.com/match/alaves-vs-valencia-2026-09-16/
2026-09-16T15:00:00+00:00,la-liga,"Regular Season - 6","Betis","Getafe",0.5395,0.2619,0.1986,1.77,1.01,https://theopenmodel.com/match/betis-vs-getafe-2026-09-16/
2026-09-16T15:00:00+00:00,la-liga,"Regular Season - 6","Depor","Sevilla",0.2909,0.2813,0.4278,1.24,1.54,https://theopenmodel.com/match/depor-vs-sevilla-2026-09-16/
2026-09-16T15:00:00+00:00,la-liga,"Regular Season - 6","Rayo Vallecano","Espanyol",0.4783,0.2745,0.2472,1.65,1.13,https://theopenmodel.com/match/rayo-vallecano-vs-espanyol-2026-09-16/
2026-09-16T15:00:00+00:00,la-liga,"Regular Season - 6","Elche","Real Madrid",0.1161,0.2239,0.66,0.75,2.03,https://theopenmodel.com/match/elche-vs-real-madrid-2026-09-16/
2026-09-18T18:30:00+00:00,bundesliga,"Regular Season - 4","Bayern","Union Berlin",0.8408,0.1329,0.0263,2.47,0.32,https://theopenmodel.com/match/bayern-vs-union-berlin-2026-09-18/
2026-09-18T18:45:00+00:00,serie-a,"Regular Season - 5","Monza","Sassuolo",0.3214,0.2839,0.3947,1.31,1.47,https://theopenmodel.com/match/monza-vs-sassuolo-2026-09-18/
2026-09-18T19:00:00+00:00,premier-league,"Regular Season - 5","Brentford","Chelsea",0.4341,0.2806,0.2853,1.56,1.23,https://theopenmodel.com/match/brentford-vs-chelsea-2026-09-18/
2026-09-19T11:30:00+00:00,premier-league,"Regular Season - 5","Tottenham","Aston Villa",0.2435,0.2737,0.4828,1.12,1.66,https://theopenmodel.com/match/tottenham-vs-aston-villa-2026-09-19/
2026-09-19T13:00:00+00:00,serie-a,"Regular Season - 5","Udinese","Cagliari",0.4627,0.2769,0.2603,1.62,1.17,https://theopenmodel.com/match/udinese-vs-cagliari-2026-09-19/
2026-09-19T13:00:00+00:00,serie-a,"Regular Season - 5","Bologna","Torino",0.5063,0.2693,0.2244,1.71,1.08,https://theopenmodel.com/match/bologna-vs-torino-2026-09-19/
2026-09-19T13:30:00+00:00,bundesliga,"Regular Season - 4","Werder","Augsburg",0.3786,0.2846,0.3368,1.44,1.34,https://theopenmodel.com/match/werder-vs-augsburg-2026-09-19/
2026-09-19T13:30:00+00:00,bundesliga,"Regular Season - 4","Gladbach","Mainz",0.3777,0.2846,0.3376,1.43,1.35,https://theopenmodel.com/match/gladbach-vs-mainz-2026-09-19/
2026-09-19T13:30:00+00:00,bundesliga,"Regular Season - 4","Frankfurt","Freiburg",0.3436,0.2848,0.3716,1.36,1.42,https://theopenmodel.com/match/frankfurt-vs-freiburg-2026-09-19/
2026-09-19T13:30:00+00:00,bundesliga,"Regular Season - 4","Hamburg","Koeln",0.4543,0.2781,0.2676,1.6,1.18,https://theopenmodel.com/match/hamburg-vs-koeln-2026-09-19/
2026-09-19T14:00:00+00:00,premier-league,"Regular Season - 5","Newcastle","Hull",0.7398,0.1892,0.071,2.21,0.57,https://theopenmodel.com/match/newcastle-vs-hull-2026-09-19/
2026-09-19T14:00:00+00:00,premier-league,"Regular Season - 5","Everton","Ipswich",0.611,0.2414,0.1475,1.92,0.86,https://theopenmodel.com/match/everton-vs-ipswich-2026-09-19/
2026-09-19T14:00:00+00:00,premier-league,"Regular Season - 5","Man City","Sunderland",0.7041,0.2057,0.0902,2.13,0.65,https://theopenmodel.com/match/man-city-vs-sunderland-2026-09-19/
2026-09-19T14:00:00+00:00,premier-league,"Regular Season - 5","Brighton","Arsenal",0.1793,0.2551,0.5656,0.95,1.83,https://theopenmodel.com/match/brighton-vs-arsenal-2026-09-19/
2026-09-19T14:00:00+00:00,premier-league,"Regular Season - 5","Leeds","Crystal Palace",0.4357,0.2805,0.2839,1.56,1.22,https://theopenmodel.com/match/leeds-vs-crystal-palace-2026-09-19/
2026-09-19T15:00:00+00:00,ligue-1,"Regular Season - 5","Angers","Troyes",0.4439,0.2795,0.2766,1.58,1.21,https://theopenmodel.com/match/angers-vs-troyes-2026-09-19/
2026-09-19T15:00:00+00:00,ligue-1,"Regular Season - 5","Lyon","Rennes",0.4495,0.2788,0.2717,1.59,1.19,https://theopenmodel.com/match/lyon-vs-rennes-2026-09-19/
2026-09-19T15:00:00+00:00,ligue-1,"Regular Season - 5","Nice","Lille",0.2373,0.2724,0.4904,1.11,1.67,https://theopenmodel.com/match/nice-vs-lille-2026-09-19/
2026-09-19T15:00:00+00:00,ligue-1,"Regular Season - 5","Monaco","Lens",0.3475,0.2849,0.3676,1.37,1.41,https://theopenmodel.com/match/monaco-vs-lens-2026-09-19/
2026-09-19T15:00:00+00:00,ligue-1,"Regular Season - 5","Toulouse","Le Havre",0.4829,0.2737,0.2434,1.66,1.12,https://theopenmodel.com/match/toulouse-vs-le-havre-2026-09-19/
2026-09-19T15:00:00+00:00,ligue-1,"Regular Season - 5","Auxerre","Brest",0.4105,0.2829,0.3067,1.51,1.28,https://theopenmodel.com/match/auxerre-vs-brest-2026-09-19/
2026-09-19T15:00:00+00:00,ligue-1,"Regular Season - 5","Paris FC","Strasbourg",0.3362,0.2846,0.3792,1.34,1.44,https://theopenmodel.com/match/paris-fc-vs-strasbourg-2026-09-19/
2026-09-19T15:00:00+00:00,ligue-1,"Regular Season - 5","Le Mans","Lorient",0.2536,0.2757,0.4707,1.15,1.63,https://theopenmodel.com/match/le-mans-vs-lorient-2026-09-19/
2026-09-19T16:00:00+00:00,serie-a,"Regular Season - 5","Roma","Inter",0.3028,0.2825,0.4147,1.27,1.51,https://theopenmodel.com/match/roma-vs-inter-2026-09-19/
2026-09-19T16:30:00+00:00,premier-league,"Regular Season - 5","Forest","Coventry",0.5941,0.2468,0.1591,1.89,0.89,https://theopenmodel.com/match/forest-vs-coventry-2026-09-19/
2026-09-19T16:30:00+00:00,bundesliga,"Regular Season - 4","Stuttgart","Dortmund",0.3325,0.2845,0.3831,1.34,1.45,https://theopenmodel.com/match/stuttgart-vs-dortmund-2026-09-19/
2026-09-19T18:45:00+00:00,serie-a,"Regular Season - 5","Venezia","Lazio",0.296,0.2819,0.4222,1.25,1.53,https://theopenmodel.com/match/venezia-vs-lazio-2026-09-19/
2026-09-20T10:30:00+00:00,serie-a,"Regular Season - 5","Fiorentina","Napoli",0.2784,0.2797,0.4418,1.21,1.57,https://theopenmodel.com/match/fiorentina-vs-napoli-2026-09-20/
2026-09-20T13:00:00+00:00,premier-league,"Regular Season - 5","Bournemouth","Liverpool",0.3689,0.2849,0.3463,1.42,1.37,https://theopenmodel.com/match/bournemouth-vs-liverpool-2026-09-20/
2026-09-20T13:00:00+00:00,serie-a,"Regular Season - 5","Frosinone","Como",0.2063,0.2643,0.5294,1.03,1.75,https://theopenmodel.com/match/frosinone-vs-como-2026-09-20/
2026-09-20T13:00:00+00:00,serie-a,"Regular Season - 5","Parma","Genoa",0.3913,0.2841,0.3246,1.46,1.32,https://theopenmodel.com/match/parma-vs-genoa-2026-09-20/
2026-09-20T13:30:00+00:00,bundesliga,"Regular Season - 4","Leverkusen","RB Leipzig",0.4641,0.2767,0.2592,1.62,1.16,https://theopenmodel.com/match/leverkusen-vs-rb-leipzig-2026-09-20/
2026-09-20T15:00:00+00:00,la-liga,"Regular Season - 7","Atletico","Real Madrid",0.3054,0.2827,0.4119,1.27,1.51,https://theopenmodel.com/match/atletico-vs-real-madrid-2026-09-20/
2026-09-20T15:00:00+00:00,la-liga,"Regular Season - 7","Bilbao","Alaves",0.4194,0.2821,0.2985,1.52,1.26,https://theopenmodel.com/match/bilbao-vs-alaves-2026-09-20/
2026-09-20T15:00:00+00:00,la-liga,"Regular Season - 7","Valencia","Sociedad",0.4522,0.2784,0.2694,1.59,1.19,https://theopenmodel.com/match/valencia-vs-sociedad-2026-09-20/
2026-09-20T15:00:00+00:00,la-liga,"Regular Season - 7","Villarreal","Levante",0.5724,0.2532,0.1744,1.84,0.94,https://theopenmodel.com/match/villarreal-vs-levante-2026-09-20/
2026-09-20T15:00:00+00:00,la-liga,"Regular Season - 7","Sevilla","Barcelona",0.1221,0.2276,0.6502,0.77,2.01,https://theopenmodel.com/match/sevilla-vs-barcelona-2026-09-20/
2026-09-20T15:00:00+00:00,la-liga,"Regular Season - 7","Celta","Santander",0.5549,0.258,0.1871,1.81,0.97,https://theopenmodel.com/match/celta-vs-santander-2026-09-20/
2026-09-20T15:00:00+00:00,la-liga,"Regular Season - 7","Espanyol","Elche",0.4336,0.2807,0.2857,1.55,1.23,https://theopenmodel.com/match/espanyol-vs-elche-2026-09-20/
2026-09-20T15:00:00+00:00,la-liga,"Regular Season - 7","Depor","Betis",0.1947,0.2606,0.5447,1,1.79,https://theopenmodel.com/match/depor-vs-betis-2026-09-20/
2026-09-20T15:00:00+00:00,la-liga,"Regular Season - 7","Getafe","Malaga",0.5142,0.2677,0.2181,1.72,1.06,https://theopenmodel.com/match/getafe-vs-malaga-2026-09-20/
2026-09-20T15:00:00+00:00,la-liga,"Regular Season - 7","Osasuna","Rayo Vallecano",0.3636,0.2849,0.3515,1.4,1.38,https://theopenmodel.com/match/osasuna-vs-rayo-vallecano-2026-09-20/
2026-09-20T15:30:00+00:00,premier-league,"Regular Season - 5","Fulham","Man United",0.3265,0.2842,0.3893,1.32,1.46,https://theopenmodel.com/match/fulham-vs-man-united-2026-09-20/
2026-09-20T15:30:00+00:00,bundesliga,"Regular Season - 4","Schalke","Elversberg",0.4097,0.2829,0.3074,1.5,1.28,https://theopenmodel.com/match/schalke-vs-elversberg-2026-09-20/
2026-09-20T16:00:00+00:00,serie-a,"Regular Season - 5","Juventus","Atalanta",0.4244,0.2816,0.294,1.53,1.25,https://theopenmodel.com/match/juventus-vs-atalanta-2026-09-20/
2026-09-20T17:30:00+00:00,bundesliga,"Regular Season - 4","Paderborn","Hoffenheim",0.2241,0.2692,0.5066,1.08,1.71,https://theopenmodel.com/match/paderborn-vs-hoffenheim-2026-09-20/
2026-09-20T18:45:00+00:00,serie-a,"Regular Season - 5","Milan","Lecce",0.6313,0.2345,0.1342,1.97,0.81,https://theopenmodel.com/match/milan-vs-lecce-2026-09-20/
2026-09-20T18:45:00+00:00,ligue-1,"Regular Season - 5","Marseille","Paris SG",0.1688,0.251,0.5801,0.92,1.86,https://theopenmodel.com/match/marseille-vs-paris-sg-2026-09-20/
2026-10-10T11:30:00+00:00,premier-league,"Regular Season - 6","Arsenal","Leeds",0.7153,0.2007,0.084,2.15,0.63,https://theopenmodel.com/match/arsenal-vs-leeds-2026-10-10/
2026-10-10T13:30:00+00:00,bundesliga,"Regular Season - 5","Freiburg","Schalke",0.6582,0.2246,0.1172,2.03,0.76,https://theopenmodel.com/match/freiburg-vs-schalke-2026-10-10/
2026-10-10T13:30:00+00:00,bundesliga,"Regular Season - 5","Mainz","Leverkusen",0.2669,0.278,0.4551,1.18,1.6,https://theopenmodel.com/match/mainz-vs-leverkusen-2026-10-10/
2026-10-10T13:30:00+00:00,bundesliga,"Regular Season - 5","Dortmund","Werder",0.685,0.2139,0.1011,2.08,0.7,https://theopenmodel.com/match/dortmund-vs-werder-2026-10-10/
2026-10-10T13:30:00+00:00,bundesliga,"Regular Season - 5","Hoffenheim","Hamburg",0.5317,0.2638,0.2046,1.76,1.02,https://theopenmodel.com/match/hoffenheim-vs-hamburg-2026-10-10/
2026-10-10T13:30:00+00:00,bundesliga,"Regular Season - 5","Augsburg","Bayern",0.0776,0.1952,0.7272,0.6,2.18,https://theopenmodel.com/match/augsburg-vs-bayern-2026-10-10/
2026-10-10T13:30:00+00:00,bundesliga,"Regular Season - 5","RB Leipzig","Frankfurt",0.5314,0.2638,0.2048,1.76,1.02,https://theopenmodel.com/match/rb-leipzig-vs-frankfurt-2026-10-10/
2026-10-10T13:30:00+00:00,bundesliga,"Regular Season - 5","Union Berlin","Elversberg",0.5289,0.2644,0.2067,1.75,1.03,https://theopenmodel.com/match/union-berlin-vs-elversberg-2026-10-10/
2026-10-10T13:30:00+00:00,bundesliga,"Regular Season - 5","Paderborn","Stuttgart",0.167,0.2502,0.5828,0.92,1.86,https://theopenmodel.com/match/paderborn-vs-stuttgart-2026-10-10/
2026-10-10T13:30:00+00:00,bundesliga,"Regular Season - 5","Koeln","Gladbach",0.3307,0.2844,0.3849,1.33,1.45,https://theopenmodel.com/match/koeln-vs-gladbach-2026-10-10/
2026-10-10T14:00:00+00:00,premier-league,"Regular Season - 6","Chelsea","Bournemouth",0.3665,0.2849,0.3486,1.41,1.37,https://theopenmodel.com/match/chelsea-vs-bournemouth-2026-10-10/
2026-10-10T14:00:00+00:00,premier-league,"Regular Season - 6","Ipswich","Fulham",0.2366,0.2722,0.4912,1.11,1.67,https://theopenmodel.com/match/ipswich-vs-fulham-2026-10-10/
2026-10-10T14:00:00+00:00,premier-league,"Regular Season - 6","Aston Villa","Brentford",0.5011,0.2703,0.2286,1.69,1.09,https://theopenmodel.com/match/aston-villa-vs-brentford-2026-10-10/
2026-10-10T14:00:00+00:00,premier-league,"Regular Season - 6","Sunderland","Brighton",0.2826,0.2803,0.4371,1.22,1.56,https://theopenmodel.com/match/sunderland-vs-brighton-2026-10-10/
2026-10-10T15:00:00+00:00,ligue-1,"Regular Season - 6","Lille","Le Havre",0.6097,0.2419,0.1484,1.92,0.86,https://theopenmodel.com/match/lille-vs-le-havre-2026-10-10/
2026-10-10T15:00:00+00:00,ligue-1,"Regular Season - 6","Nice","Strasbourg",0.2862,0.2807,0.433,1.23,1.55,https://theopenmodel.com/match/nice-vs-strasbourg-2026-10-10/
2026-10-10T15:00:00+00:00,ligue-1,"Regular Season - 6","Paris SG","Le Mans",0.8701,0.11,0.0199,2.7,0.3,https://theopenmodel.com/match/paris-sg-vs-le-mans-2026-10-10/
2026-10-10T15:00:00+00:00,ligue-1,"Regular Season - 6","Monaco","Toulouse",0.5092,0.2687,0.2221,1.71,1.07,https://theopenmodel.com/match/monaco-vs-toulouse-2026-10-10/
2026-10-10T15:00:00+00:00,ligue-1,"Regular Season - 6","Rennes","Auxerre",0.5338,0.2632,0.2029,1.76,1.02,https://theopenmodel.com/match/rennes-vs-auxerre-2026-10-10/
2026-10-10T15:00:00+00:00,ligue-1,"Regular Season - 6","Lorient","Paris FC",0.4272,0.2814,0.2914,1.54,1.24,https://theopenmodel.com/match/lorient-vs-paris-fc-2026-10-10/
2026-10-10T15:00:00+00:00,ligue-1,"Regular Season - 6","Brest","Angers",0.4994,0.2707,0.2299,1.69,1.09,https://theopenmodel.com/match/brest-vs-angers-2026-10-10/
2026-10-10T15:00:00+00:00,ligue-1,"Regular Season - 6","Troyes","Marseille",0.1922,0.2598,0.548,0.99,1.79,https://theopenmodel.com/match/troyes-vs-marseille-2026-10-10/
2026-10-10T15:00:00+00:00,ligue-1,"Regular Season - 6","Lens","Lyon",0.4485,0.2789,0.2726,1.59,1.2,https://theopenmodel.com/match/lens-vs-lyon-2026-10-10/
2026-10-10T16:30:00+00:00,premier-league,"Regular Season - 6","Man United","Tottenham",0.5622,0.2561,0.1817,1.82,0.96,https://theopenmodel.com/match/man-united-vs-tottenham-2026-10-10/
2026-10-11T13:00:00+00:00,premier-league,"Regular Season - 6","Crystal Palace","Forest",0.3928,0.284,0.3232,1.47,1.31,https://theopenmodel.com/match/crystal-palace-vs-forest-2026-10-11/
2026-10-11T13:00:00+00:00,premier-league,"Regular Season - 6","Hull","Everton",0.1518,0.2435,0.6047,0.87,1.91,https://theopenmodel.com/match/hull-vs-everton-2026-10-11/
2026-10-11T15:00:00+00:00,la-liga,"Regular Season - 8","Barcelona","Getafe",0.7653,0.1763,0.0584,2.27,0.51,https://theopenmodel.com/match/barcelona-vs-getafe-2026-10-11/
2026-10-11T15:00:00+00:00,la-liga,"Regular Season - 8","Malaga","Espanyol",0.3279,0.2843,0.3878,1.32,1.46,https://theopenmodel.com/match/malaga-vs-espanyol-2026-10-11/
2026-10-11T15:00:00+00:00,la-liga,"Regular Season - 8","Levante","Sevilla",0.3769,0.2847,0.3384,1.43,1.35,https://theopenmodel.com/match/levante-vs-sevilla-2026-10-11/
2026-10-11T15:00:00+00:00,la-liga,"Regular Season - 8","Real Madrid","Villarreal",0.6187,0.2389,0.1424,1.94,0.84,https://theopenmodel.com/match/real-madrid-vs-villarreal-2026-10-11/
2026-10-11T15:00:00+00:00,la-liga,"Regular Season - 8","Alaves","Atletico",0.2214,0.2685,0.5101,1.07,1.71,https://theopenmodel.com/match/alaves-vs-atletico-2026-10-11/
2026-10-11T15:00:00+00:00,la-liga,"Regular Season - 8","Betis","Osasuna",0.5372,0.2624,0.2003,1.77,1.01,https://theopenmodel.com/match/betis-vs-osasuna-2026-10-11/
2026-10-11T15:00:00+00:00,la-liga,"Regular Season - 8","Sociedad","Depor",0.5539,0.2583,0.1878,1.8,0.98,https://theopenmodel.com/match/sociedad-vs-depor-2026-10-11/
2026-10-11T15:00:00+00:00,la-liga,"Regular Season - 8","Rayo Vallecano","Bilbao",0.4559,0.2779,0.2662,1.6,1.18,https://theopenmodel.com/match/rayo-vallecano-vs-bilbao-2026-10-11/
2026-10-11T15:00:00+00:00,la-liga,"Regular Season - 8","Elche","Celta",0.3231,0.284,0.3929,1.31,1.47,https://theopenmodel.com/match/elche-vs-celta-2026-10-11/
2026-10-11T15:00:00+00:00,la-liga,"Regular Season - 8","Santander","Valencia",0.2894,0.2811,0.4295,1.24,1.55,https://theopenmodel.com/match/santander-vs-valencia-2026-10-11/
2026-10-11T15:30:00+00:00,premier-league,"Regular Season - 6","Liverpool","Man City",0.3447,0.2848,0.3705,1.36,1.42,https://theopenmodel.com/match/liverpool-vs-man-city-2026-10-11/
2026-10-11T16:30:00+00:00,serie-a,"Regular Season - 6","Lazio","Monza",0.6081,0.2424,0.1495,1.92,0.86,https://theopenmodel.com/match/lazio-vs-monza-2026-10-11/
2026-10-11T16:30:00+00:00,serie-a,"Regular Season - 6","Sassuolo","Milan",0.2711,0.2787,0.4502,1.19,1.59,https://theopenmodel.com/match/sassuolo-vs-milan-2026-10-11/
2026-10-11T16:30:00+00:00,serie-a,"Regular Season - 6","Cagliari","Juventus",0.2329,0.2714,0.4958,1.1,1.68,https://theopenmodel.com/match/cagliari-vs-juventus-2026-10-11/
2026-10-11T16:30:00+00:00,serie-a,"Regular Season - 6","Napoli","Frosinone",0.6824,0.2149,0.1026,2.08,0.7,https://theopenmodel.com/match/napoli-vs-frosinone-2026-10-11/
2026-10-11T16:30:00+00:00,serie-a,"Regular Season - 6","Genoa","Fiorentina",0.3415,0.2847,0.3737,1.36,1.43,https://theopenmodel.com/match/genoa-vs-fiorentina-2026-10-11/
2026-10-11T16:30:00+00:00,serie-a,"Regular Season - 6","Atalanta","Venezia",0.611,0.2414,0.1475,1.92,0.86,https://theopenmodel.com/match/atalanta-vs-venezia-2026-10-11/
2026-10-11T16:30:00+00:00,serie-a,"Regular Season - 6","Torino","Udinese",0.3869,0.2843,0.3288,1.45,1.33,https://theopenmodel.com/match/torino-vs-udinese-2026-10-11/
2026-10-11T16:30:00+00:00,serie-a,"Regular Season - 6","Inter","Parma",0.7658,0.1761,0.0581,2.27,0.51,https://theopenmodel.com/match/inter-vs-parma-2026-10-11/
2026-10-11T16:30:00+00:00,serie-a,"Regular Season - 6","Lecce","Bologna",0.2656,0.2778,0.4565,1.18,1.6,https://theopenmodel.com/match/lecce-vs-bologna-2026-10-11/
2026-10-11T16:30:00+00:00,serie-a,"Regular Season - 6","Como","Roma",0.3734,0.2848,0.3419,1.43,1.36,https://theopenmodel.com/match/como-vs-roma-2026-10-11/
2026-10-12T19:00:00+00:00,premier-league,"Regular Season - 6","Coventry","Newcastle",0.2211,0.2684,0.5105,1.07,1.71,https://theopenmodel.com/match/coventry-vs-newcastle-2026-10-12/
2026-10-17T11:30:00+00:00,premier-league,"Regular Season - 7","Everton","Chelsea",0.3958,0.2838,0.3203,1.47,1.31,https://theopenmodel.com/match/everton-vs-chelsea-2026-10-17/
2026-10-17T13:30:00+00:00,bundesliga,"Regular Season - 6","Bayern","RB Leipzig",0.6964,0.209,0.0945,2.11,0.67,https://theopenmodel.com/match/bayern-vs-rb-leipzig-2026-10-17/
2026-10-17T13:30:00+00:00,bundesliga,"Regular Season - 6","Werder","Paderborn",0.5104,0.2685,0.2212,1.71,1.07,https://theopenmodel.com/match/werder-vs-paderborn-2026-10-17/
2026-10-17T13:30:00+00:00,bundesliga,"Regular Season - 6","Gladbach","Hoffenheim",0.3452,0.2848,0.3699,1.36,1.42,https://theopenmodel.com/match/gladbach-vs-hoffenheim-2026-10-17/
2026-10-17T13:30:00+00:00,bundesliga,"Regular Season - 6","Leverkusen","Freiburg",0.5086,0.2688,0.2226,1.71,1.07,https://theopenmodel.com/match/leverkusen-vs-freiburg-2026-10-17/
2026-10-17T13:30:00+00:00,bundesliga,"Regular Season - 6","Frankfurt","Koeln",0.5284,0.2645,0.2071,1.75,1.03,https://theopenmodel.com/match/frankfurt-vs-koeln-2026-10-17/
2026-10-17T13:30:00+00:00,bundesliga,"Regular Season - 6","Schalke","Mainz",0.2465,0.2743,0.4792,1.13,1.65,https://theopenmodel.com/match/schalke-vs-mainz-2026-10-17/
2026-10-17T13:30:00+00:00,bundesliga,"Regular Season - 6","Hamburg","Stuttgart",0.2371,0.2723,0.4906,1.11,1.67,https://theopenmodel.com/match/hamburg-vs-stuttgart-2026-10-17/
2026-10-17T13:30:00+00:00,bundesliga,"Regular Season - 6","Union Berlin","Dortmund",0.1868,0.2579,0.5553,0.97,1.81,https://theopenmodel.com/match/union-berlin-vs-dortmund-2026-10-17/
2026-10-17T13:30:00+00:00,bundesliga,"Regular Season - 6","Elversberg","Augsburg",0.2868,0.2808,0.4323,1.23,1.55,https://theopenmodel.com/match/elversberg-vs-augsburg-2026-10-17/
2026-10-17T14:00:00+00:00,premier-league,"Regular Season - 7","Fulham","Hull",0.7135,0.2015,0.085,2.15,0.63,https://theopenmodel.com/match/fulham-vs-hull-2026-10-17/
2026-10-17T14:00:00+00:00,premier-league,"Regular Season - 7","Man City","Ipswich",0.7824,0.1672,0.0504,2.31,0.47,https://theopenmodel.com/match/man-city-vs-ipswich-2026-10-17/
2026-10-17T14:00:00+00:00,premier-league,"Regular Season - 7","Brentford","Liverpool",0.3418,0.2848,0.3735,1.36,1.43,https://theopenmodel.com/match/brentford-vs-liverpool-2026-10-17/
2026-10-17T15:00:00+00:00,ligue-1,"Regular Season - 7","Angers","Marseille",0.2154,0.2669,0.5177,1.05,1.73,https://theopenmodel.com/match/angers-vs-marseille-2026-10-17/
2026-10-17T15:00:00+00:00,ligue-1,"Regular Season - 7","Lille","Brest",0.5634,0.2557,0.1809,1.82,0.96,https://theopenmodel.com/match/lille-vs-brest-2026-10-17/
2026-10-17T15:00:00+00:00,ligue-1,"Regular Season - 7","Lyon","Nice",0.6099,0.2418,0.1483,1.92,0.86,https://theopenmodel.com/match/lyon-vs-nice-2026-10-17/
2026-10-17T15:00:00+00:00,ligue-1,"Regular Season - 7","Strasbourg","Paris SG",0.1398,0.2375,0.6227,0.83,1.95,https://theopenmodel.com/match/strasbourg-vs-paris-sg-2026-10-17/
2026-10-17T15:00:00+00:00,ligue-1,"Regular Season - 7","Lorient","Monaco",0.3245,0.2841,0.3914,1.32,1.46,https://theopenmodel.com/match/lorient-vs-monaco-2026-10-17/
2026-10-17T15:00:00+00:00,ligue-1,"Regular Season - 7","Troyes","Lens",0.1551,0.245,0.5999,0.88,1.9,https://theopenmodel.com/match/troyes-vs-lens-2026-10-17/
2026-10-17T15:00:00+00:00,ligue-1,"Regular Season - 7","Le Havre","Auxerre",0.3722,0.2848,0.343,1.42,1.36,https://theopenmodel.com/match/le-havre-vs-auxerre-2026-10-17/
2026-10-17T15:00:00+00:00,ligue-1,"Regular Season - 7","Paris FC","Rennes",0.3137,0.2834,0.4029,1.29,1.49,https://theopenmodel.com/match/paris-fc-vs-rennes-2026-10-17/
2026-10-17T15:00:00+00:00,ligue-1,"Regular Season - 7","Le Mans","Toulouse",0.255,0.276,0.469,1.15,1.63,https://theopenmodel.com/match/le-mans-vs-toulouse-2026-10-17/
2026-10-17T16:30:00+00:00,premier-league,"Regular Season - 7","Newcastle","Aston Villa",0.3187,0.2837,0.3976,1.3,1.48,https://theopenmodel.com/match/newcastle-vs-aston-villa-2026-10-17/
2026-10-18T13:00:00+00:00,premier-league,"Regular Season - 7","Bournemouth","Sunderland",0.59,0.2481,0.1619,1.88,0.9,https://theopenmodel.com/match/bournemouth-vs-sunderland-2026-10-18/
2026-10-18T13:00:00+00:00,premier-league,"Regular Season - 7","Brighton","Crystal Palace",0.474,0.2752,0.2508,1.64,1.14,https://theopenmodel.com/match/brighton-vs-crystal-palace-2026-10-18/
2026-10-18T13:00:00+00:00,premier-league,"Regular Season - 7","Leeds","Man United",0.323,0.284,0.393,1.31,1.47,https://theopenmodel.com/match/leeds-vs-man-united-2026-10-18/
2026-10-18T15:00:00+00:00,la-liga,"Regular Season - 9","Valencia","Bilbao",0.4582,0.2776,0.2642,1.61,1.18,https://theopenmodel.com/match/valencia-vs-bilbao-2026-10-18/
2026-10-18T15:00:00+00:00,la-liga,"Regular Season - 9","Villarreal","Elche",0.5735,0.2529,0.1736,1.85,0.94,https://theopenmodel.com/match/villarreal-vs-elche-2026-10-18/
2026-10-18T15:00:00+00:00,la-liga,"Regular Season - 9","Malaga","Sociedad",0.302,0.2824,0.4155,1.27,1.52,https://theopenmodel.com/match/malaga-vs-sociedad-2026-10-18/
2026-10-18T15:00:00+00:00,la-liga,"Regular Season - 9","Celta","Alaves",0.4721,0.2755,0.2524,1.63,1.15,https://theopenmodel.com/match/celta-vs-alaves-2026-10-18/
2026-10-18T15:00:00+00:00,la-liga,"Regular Season - 9","Espanyol","Atletico",0.2081,0.2648,0.5271,1.03,1.75,https://theopenmodel.com/match/espanyol-vs-atletico-2026-10-18/
2026-10-18T15:00:00+00:00,la-liga,"Regular Season - 9","Real Madrid","Sevilla",0.7321,0.1929,0.075,2.19,0.59,https://theopenmodel.com/match/real-madrid-vs-sevilla-2026-10-18/
2026-10-18T15:00:00+00:00,la-liga,"Regular Season - 9","Betis","Barcelona",0.2022,0.263,0.5348,1.02,1.76,https://theopenmodel.com/match/betis-vs-barcelona-2026-10-18/
2026-10-18T15:00:00+00:00,la-liga,"Regular Season - 9","Depor","Levante",0.3254,0.2841,0.3905,1.32,1.46,https://theopenmodel.com/match/depor-vs-levante-2026-10-18/
2026-10-18T15:00:00+00:00,la-liga,"Regular Season - 9","Getafe","Rayo Vallecano",0.3615,0.2849,0.3536,1.4,1.38,https://theopenmodel.com/match/getafe-vs-rayo-vallecano-2026-10-18/
2026-10-18T15:00:00+00:00,la-liga,"Regular Season - 9","Osasuna","Santander",0.4919,0.2721,0.236,1.68,1.11,https://theopenmodel.com/match/osasuna-vs-santander-2026-10-18/
2026-10-18T15:30:00+00:00,premier-league,"Regular Season - 7","Forest","Arsenal",0.1523,0.2437,0.604,0.87,1.91,https://theopenmodel.com/match/forest-vs-arsenal-2026-10-18/
2026-10-18T16:30:00+00:00,serie-a,"Regular Season - 7","Milan","Atalanta",0.3982,0.2837,0.3181,1.48,1.3,https://theopenmodel.com/match/milan-vs-atalanta-2026-10-18/
2026-10-18T16:30:00+00:00,serie-a,"Regular Season - 7","Udinese","Lecce",0.5088,0.2688,0.2224,1.71,1.07,https://theopenmodel.com/match/udinese-vs-lecce-2026-10-18/
2026-10-18T16:30:00+00:00,serie-a,"Regular Season - 7","Juventus","Lazio",0.4965,0.2712,0.2323,1.69,1.1,https://theopenmodel.com/match/juventus-vs-lazio-2026-10-18/
2026-10-18T16:30:00+00:00,serie-a,"Regular Season - 7","Roma","Genoa",0.6362,0.2328,0.131,1.98,0.8,https://theopenmodel.com/match/roma-vs-genoa-2026-10-18/
2026-10-18T16:30:00+00:00,serie-a,"Regular Season - 7","Bologna","Inter",0.2097,0.2653,0.5251,1.04,1.74,https://theopenmodel.com/match/bologna-vs-inter-2026-10-18/
2026-10-18T16:30:00+00:00,serie-a,"Regular Season - 7","Fiorentina","Como",0.3133,0.2834,0.4033,1.29,1.49,https://theopenmodel.com/match/fiorentina-vs-como-2026-10-18/
2026-10-18T16:30:00+00:00,serie-a,"Regular Season - 7","Frosinone","Sassuolo",0.3478,0.2849,0.3673,1.37,1.41,https://theopenmodel.com/match/frosinone-vs-sassuolo-2026-10-18/
2026-10-18T16:30:00+00:00,serie-a,"Regular Season - 7","Venezia","Napoli",0.2077,0.2647,0.5276,1.03,1.75,https://theopenmodel.com/match/venezia-vs-napoli-2026-10-18/
2026-10-18T16:30:00+00:00,serie-a,"Regular Season - 7","Parma","Torino",0.3719,0.2848,0.3433,1.42,1.36,https://theopenmodel.com/match/parma-vs-torino-2026-10-18/
2026-10-18T16:30:00+00:00,serie-a,"Regular Season - 7","Monza","Cagliari",0.3388,0.2847,0.3765,1.35,1.43,https://theopenmodel.com/match/monza-vs-cagliari-2026-10-18/
2026-10-19T19:00:00+00:00,premier-league,"Regular Season - 7","Tottenham","Coventry",0.5416,0.2614,0.1971,1.78,1,https://theopenmodel.com/match/tottenham-vs-coventry-2026-10-19/
2026-10-23T19:00:00+00:00,premier-league,"Regular Season - 8","Ipswich","Forest",0.2399,0.273,0.4871,1.12,1.67,https://theopenmodel.com/match/ipswich-vs-forest-2026-10-23/
2026-10-24T11:30:00+00:00,premier-league,"Regular Season - 8","Aston Villa","Man City",0.3562,0.2849,0.3588,1.39,1.39,https://theopenmodel.com/match/aston-villa-vs-man-city-2026-10-24/
2026-10-24T13:30:00+00:00,bundesliga,"Regular Season - 7","Freiburg","Bayern",0.1368,0.236,0.6272,0.82,1.96,https://theopenmodel.com/match/freiburg-vs-bayern-2026-10-24/
2026-10-24T13:30:00+00:00,bundesliga,"Regular Season - 7","Mainz","Werder",0.4927,0.2719,0.2354,1.68,1.1,https://theopenmodel.com/match/mainz-vs-werder-2026-10-24/
2026-10-24T13:30:00+00:00,bundesliga,"Regular Season - 7","Dortmund","Frankfurt",0.6184,0.239,0.1426,1.94,0.84,https://theopenmodel.com/match/dortmund-vs-frankfurt-2026-10-24/
2026-10-24T13:30:00+00:00,bundesliga,"Regular Season - 7","Hoffenheim","Leverkusen",0.2969,0.2819,0.4212,1.25,1.53,https://theopenmodel.com/match/hoffenheim-vs-leverkusen-2026-10-24/
2026-10-24T13:30:00+00:00,bundesliga,"Regular Season - 7","Augsburg","Union Berlin",0.4341,0.2806,0.2853,1.56,1.23,https://theopenmodel.com/match/augsburg-vs-union-berlin-2026-10-24/
2026-10-24T13:30:00+00:00,bundesliga,"Regular Season - 7","Stuttgart","Gladbach",0.5614,0.2563,0.1823,1.82,0.96,https://theopenmodel.com/match/stuttgart-vs-gladbach-2026-10-24/
2026-10-24T13:30:00+00:00,bundesliga,"Regular Season - 7","RB Leipzig","Elversberg",0.6959,0.2093,0.0948,2.11,0.67,https://theopenmodel.com/match/rb-leipzig-vs-elversberg-2026-10-24/
2026-10-24T13:30:00+00:00,bundesliga,"Regular Season - 7","Paderborn","Hamburg",0.3262,0.2842,0.3897,1.32,1.46,https://theopenmodel.com/match/paderborn-vs-hamburg-2026-10-24/
2026-10-24T13:30:00+00:00,bundesliga,"Regular Season - 7","Koeln","Schalke",0.4717,0.2756,0.2527,1.63,1.15,https://theopenmodel.com/match/koeln-vs-schalke-2026-10-24/
2026-10-24T14:00:00+00:00,premier-league,"Regular Season - 8","Liverpool","Brighton",0.4961,0.2713,0.2326,1.68,1.1,https://theopenmodel.com/match/liverpool-vs-brighton-2026-10-24/
2026-10-24T14:00:00+00:00,premier-league,"Regular Season - 8","Arsenal","Everton",0.7091,0.2035,0.0874,2.14,0.64,https://theopenmodel.com/match/arsenal-vs-everton-2026-10-24/
2026-10-24T14:00:00+00:00,premier-league,"Regular Season - 8","Coventry","Fulham",0.2449,0.274,0.4811,1.13,1.65,https://theopenmodel.com/match/coventry-vs-fulham-2026-10-24/
2026-10-24T15:00:00+00:00,ligue-1,"Regular Season - 8","Angers","Lorient",0.3096,0.2831,0.4073,1.28,1.5,https://theopenmodel.com/match/angers-vs-lorient-2026-10-24/
2026-10-24T15:00:00+00:00,ligue-1,"Regular Season - 8","Marseille","Le Havre",0.5955,0.2464,0.1581,1.89,0.89,https://theopenmodel.com/match/marseille-vs-le-havre-2026-10-24/
2026-10-24T15:00:00+00:00,ligue-1,"Regular Season - 8","Monaco","Lille",0.3834,0.2844,0.3322,1.45,1.33,https://theopenmodel.com/match/monaco-vs-lille-2026-10-24/
2026-10-24T15:00:00+00:00,ligue-1,"Regular Season - 8","Rennes","Strasbourg",0.438,0.2802,0.2818,1.56,1.22,https://theopenmodel.com/match/rennes-vs-strasbourg-2026-10-24/
2026-10-24T15:00:00+00:00,ligue-1,"Regular Season - 8","Toulouse","Troyes",0.5525,0.2586,0.1889,1.8,0.98,https://theopenmodel.com/match/toulouse-vs-troyes-2026-10-24/
2026-10-24T15:00:00+00:00,ligue-1,"Regular Season - 8","Brest","Nice",0.4577,0.2777,0.2646,1.6,1.18,https://theopenmodel.com/match/brest-vs-nice-2026-10-24/
2026-10-24T15:00:00+00:00,ligue-1,"Regular Season - 8","Auxerre","Le Mans",0.5599,0.2567,0.1834,1.82,0.96,https://theopenmodel.com/match/auxerre-vs-le-mans-2026-10-24/
2026-10-24T15:00:00+00:00,ligue-1,"Regular Season - 8","Lens","Paris FC",0.59,0.2481,0.1619,1.88,0.9,https://theopenmodel.com/match/lens-vs-paris-fc-2026-10-24/
2026-10-24T16:30:00+00:00,premier-league,"Regular Season - 8","Chelsea","Tottenham",0.4919,0.2721,0.236,1.68,1.11,https://theopenmodel.com/match/chelsea-vs-tottenham-2026-10-24/
2026-10-25T14:00:00+00:00,premier-league,"Regular Season - 8","Man United","Bournemouth",0.4347,0.2806,0.2847,1.56,1.23,https://theopenmodel.com/match/man-united-vs-bournemouth-2026-10-25/
2026-10-25T14:00:00+00:00,premier-league,"Regular Season - 8","Crystal Palace","Newcastle",0.3608,0.2849,0.3543,1.4,1.38,https://theopenmodel.com/match/crystal-palace-vs-newcastle-2026-10-25/
2026-10-25T14:00:00+00:00,premier-league,"Regular Season - 8","Hull","Brentford",0.1268,0.2304,0.6428,0.79,1.99,https://theopenmodel.com/match/hull-vs-brentford-2026-10-25/
2026-10-25T16:00:00+00:00,la-liga,"Regular Season - 10","Barcelona","Real Madrid",0.4427,0.2796,0.2777,1.57,1.21,https://theopenmodel.com/match/barcelona-vs-real-madrid-2026-10-25/
2026-10-25T16:00:00+00:00,la-liga,"Regular Season - 10","Atletico","Depor",0.7465,0.1859,0.0676,2.23,0.56,https://theopenmodel.com/match/atletico-vs-depor-2026-10-25/
2026-10-25T16:00:00+00:00,la-liga,"Regular Season - 10","Bilbao","Getafe",0.4258,0.2815,0.2927,1.54,1.24,https://theopenmodel.com/match/bilbao-vs-getafe-2026-10-25/
2026-10-25T16:00:00+00:00,la-liga,"Regular Season - 10","Valencia","Villarreal",0.3441,0.2848,0.3711,1.36,1.42,https://theopenmodel.com/match/valencia-vs-villarreal-2026-10-25/
2026-10-25T16:00:00+00:00,la-liga,"Regular Season - 10","Sevilla","Osasuna",0.4205,0.282,0.2975,1.53,1.26,https://theopenmodel.com/match/sevilla-vs-osasuna-2026-10-25/
2026-10-25T16:00:00+00:00,la-liga,"Regular Season - 10","Celta","Betis",0.3554,0.2849,0.3596,1.39,1.4,https://theopenmodel.com/match/celta-vs-betis-2026-10-25/
2026-10-25T16:00:00+00:00,la-liga,"Regular Season - 10","Alaves","Malaga",0.5207,0.2662,0.213,1.74,1.05,https://theopenmodel.com/match/alaves-vs-malaga-2026-10-25/
2026-10-25T16:00:00+00:00,la-liga,"Regular Season - 10","Sociedad","Levante",0.4608,0.2772,0.262,1.61,1.17,https://theopenmodel.com/match/sociedad-vs-levante-2026-10-25/
2026-10-25T16:00:00+00:00,la-liga,"Regular Season - 10","Rayo Vallecano","Elche",0.4983,0.2709,0.2308,1.69,1.09,https://theopenmodel.com/match/rayo-vallecano-vs-elche-2026-10-25/
2026-10-25T16:00:00+00:00,la-liga,"Regular Season - 10","Santander","Espanyol",0.3508,0.2849,0.3643,1.38,1.41,https://theopenmodel.com/match/santander-vs-espanyol-2026-10-25/
2026-10-25T16:30:00+00:00,premier-league,"Regular Season - 8","Sunderland","Leeds",0.3171,0.2836,0.3992,1.3,1.48,https://theopenmodel.com/match/sunderland-vs-leeds-2026-10-25/
2026-10-25T17:30:00+00:00,serie-a,"Regular Season - 8","Lazio","Parma",0.5521,0.2587,0.1892,1.8,0.98,https://theopenmodel.com/match/lazio-vs-parma-2026-10-25/
2026-10-25T17:30:00+00:00,serie-a,"Regular Season - 8","Cagliari","Bologna",0.3061,0.2828,0.4111,1.28,1.51,https://theopenmodel.com/match/cagliari-vs-bologna-2026-10-25/
2026-10-25T17:30:00+00:00,serie-a,"Regular Season - 8","Napoli","Roma",0.4113,0.2828,0.3059,1.51,1.27,https://theopenmodel.com/match/napoli-vs-roma-2026-10-25/
2026-10-25T17:30:00+00:00,serie-a,"Regular Season - 8","Udinese","Milan",0.2978,0.282,0.4201,1.26,1.53,https://theopenmodel.com/match/udinese-vs-milan-2026-10-25/
2026-10-25T17:30:00+00:00,serie-a,"Regular Season - 8","Genoa","Venezia",0.424,0.2817,0.2943,1.53,1.25,https://theopenmodel.com/match/genoa-vs-venezia-2026-10-25/
2026-10-25T17:30:00+00:00,serie-a,"Regular Season - 8","Atalanta","Frosinone",0.6508,0.2274,0.1217,2.01,0.77,https://theopenmodel.com/match/atalanta-vs-frosinone-2026-10-25/
2026-10-25T17:30:00+00:00,serie-a,"Regular Season - 8","Torino","Monza",0.5134,0.2678,0.2188,1.72,1.06,https://theopenmodel.com/match/torino-vs-monza-2026-10-25/
2026-10-25T17:30:00+00:00,serie-a,"Regular Season - 8","Inter","Fiorentina",0.6767,0.2173,0.106,2.07,0.72,https://theopenmodel.com/match/inter-vs-fiorentina-2026-10-25/
2026-10-25T17:30:00+00:00,serie-a,"Regular Season - 8","Lecce","Juventus",0.1968,0.2613,0.5419,1,1.78,https://theopenmodel.com/match/lecce-vs-juventus-2026-10-25/
2026-10-25T17:30:00+00:00,serie-a,"Regular Season - 8","Como","Sassuolo",0.5776,0.2517,0.1706,1.85,0.93,https://theopenmodel.com/match/como-vs-sassuolo-2026-10-25/
2026-10-25T19:45:00+00:00,ligue-1,"Regular Season - 8","Paris SG","Lyon",0.6772,0.2171,0.1057,2.07,0.71,https://theopenmodel.com/match/paris-sg-vs-lyon-2026-10-25/
2026-10-28T17:30:00+00:00,serie-a,"Regular Season - 9","Sassuolo","Lazio",0.3212,0.2839,0.3949,1.31,1.47,https://theopenmodel.com/match/sassuolo-vs-lazio-2026-10-28/
2026-10-28T17:30:00+00:00,serie-a,"Regular Season - 9","Milan","Bologna",0.472,0.2755,0.2525,1.63,1.15,https://theopenmodel.com/match/milan-vs-bologna-2026-10-28/
2026-10-28T17:30:00+00:00,serie-a,"Regular Season - 9","Genoa","Juventus",0.2338,0.2716,0.4946,1.1,1.68,https://theopenmodel.com/match/genoa-vs-juventus-2026-10-28/
2026-10-28T17:30:00+00:00,serie-a,"Regular Season - 9","Roma","Cagliari",0.6374,0.2324,0.1302,1.98,0.8,https://theopenmodel.com/match/roma-vs-cagliari-2026-10-28/
2026-10-28T17:30:00+00:00,serie-a,"Regular Season - 9","Fiorentina","Atalanta",0.308,0.283,0.4091,1.28,1.5,https://theopenmodel.com/match/fiorentina-vs-atalanta-2026-10-28/
2026-10-28T17:30:00+00:00,serie-a,"Regular Season - 9","Torino","Como",0.2644,0.2776,0.458,1.18,1.6,https://theopenmodel.com/match/torino-vs-como-2026-10-28/
2026-10-28T17:30:00+00:00,serie-a,"Regular Season - 9","Frosinone","Lecce",0.4101,0.2829,0.307,1.5,1.28,https://theopenmodel.com/match/frosinone-vs-lecce-2026-10-28/
2026-10-28T17:30:00+00:00,serie-a,"Regular Season - 9","Venezia","Inter",0.1243,0.2289,0.6468,0.78,2,https://theopenmodel.com/match/venezia-vs-inter-2026-10-28/
2026-10-28T17:30:00+00:00,serie-a,"Regular Season - 9","Parma","Udinese",0.3455,0.2848,0.3697,1.36,1.42,https://theopenmodel.com/match/parma-vs-udinese-2026-10-28/
2026-10-28T17:30:00+00:00,serie-a,"Regular Season - 9","Monza","Napoli",0.1572,0.246,0.5968,0.89,1.89,https://theopenmodel.com/match/monza-vs-napoli-2026-10-28/
2026-10-31T12:30:00+00:00,premier-league,"Regular Season - 9","Chelsea","Man United",0.3466,0.2849,0.3685,1.37,1.41,https://theopenmodel.com/match/chelsea-vs-man-united-2026-10-31/
2026-10-31T14:30:00+00:00,bundesliga,"Regular Season - 8","Bayern","Dortmund",0.6127,0.2409,0.1464,1.93,0.85,https://theopenmodel.com/match/bayern-vs-dortmund-2026-10-31/
2026-10-31T14:30:00+00:00,bundesliga,"Regular Season - 8","Werder","Hoffenheim",0.3068,0.2829,0.4104,1.28,1.5,https://theopenmodel.com/match/werder-vs-hoffenheim-2026-10-31/
2026-10-31T14:30:00+00:00,bundesliga,"Regular Season - 8","Gladbach","Paderborn",0.5522,0.2587,0.1891,1.8,0.98,https://theopenmodel.com/match/gladbach-vs-paderborn-2026-10-31/
2026-10-31T14:30:00+00:00,bundesliga,"Regular Season - 8","Leverkusen","Stuttgart",0.4618,0.2771,0.2611,1.61,1.17,https://theopenmodel.com/match/leverkusen-vs-stuttgart-2026-10-31/
2026-10-31T14:30:00+00:00,bundesliga,"Regular Season - 8","Frankfurt","Hamburg",0.4876,0.2729,0.2395,1.67,1.11,https://theopenmodel.com/match/frankfurt-vs-hamburg-2026-10-31/
2026-10-31T14:30:00+00:00,bundesliga,"Regular Season - 8","Augsburg","Freiburg",0.3132,0.2834,0.4034,1.29,1.49,https://theopenmodel.com/match/augsburg-vs-freiburg-2026-10-31/
2026-10-31T14:30:00+00:00,bundesliga,"Regular Season - 8","Schalke","RB Leipzig",0.1638,0.2489,0.5873,0.91,1.87,https://theopenmodel.com/match/schalke-vs-rb-leipzig-2026-10-31/
2026-10-31T14:30:00+00:00,bundesliga,"Regular Season - 8","Union Berlin","Koeln",0.475,0.275,0.25,1.64,1.14,https://theopenmodel.com/match/union-berlin-vs-koeln-2026-10-31/
2026-10-31T14:30:00+00:00,bundesliga,"Regular Season - 8","Elversberg","Mainz",0.2502,0.2751,0.4747,1.14,1.64,https://theopenmodel.com/match/elversberg-vs-mainz-2026-10-31/
2026-10-31T15:00:00+00:00,premier-league,"Regular Season - 9","Bournemouth","Leeds",0.4881,0.2728,0.2391,1.67,1.11,https://theopenmodel.com/match/bournemouth-vs-leeds-2026-10-31/
2026-10-31T15:00:00+00:00,premier-league,"Regular Season - 9","Man City","Brighton",0.5684,0.2543,0.1772,1.83,0.95,https://theopenmodel.com/match/man-city-vs-brighton-2026-10-31/
2026-10-31T15:00:00+00:00,premier-league,"Regular Season - 9","Brentford","Forest",0.4596,0.2774,0.263,1.61,1.17,https://theopenmodel.com/match/brentford-vs-forest-2026-10-31/
2026-10-31T15:00:00+00:00,premier-league,"Regular Season - 9","Hull","Ipswich",0.3092,0.2831,0.4078,1.28,1.5,https://theopenmodel.com/match/hull-vs-ipswich-2026-10-31/
2026-10-31T15:00:00+00:00,premier-league,"Regular Season - 9","Coventry","Sunderland",0.3384,0.2847,0.3769,1.35,1.43,https://theopenmodel.com/match/coventry-vs-sunderland-2026-10-31/
2026-10-31T16:00:00+00:00,ligue-1,"Regular Season - 9","Lille","Lens",0.3774,0.2846,0.338,1.43,1.35,https://theopenmodel.com/match/lille-vs-lens-2026-10-31/
2026-10-31T16:00:00+00:00,ligue-1,"Regular Season - 9","Lyon","Angers",0.6505,0.2276,0.122,2.01,0.77,https://theopenmodel.com/match/lyon-vs-angers-2026-10-31/
2026-10-31T16:00:00+00:00,ligue-1,"Regular Season - 9","Marseille","Toulouse",0.5263,0.265,0.2087,1.75,1.03,https://theopenmodel.com/match/marseille-vs-toulouse-2026-10-31/
2026-10-31T16:00:00+00:00,ligue-1,"Regular Season - 9","Nice","Rennes",0.265,0.2777,0.4572,1.18,1.6,https://theopenmodel.com/match/nice-vs-rennes-2026-10-31/
2026-10-31T16:00:00+00:00,ligue-1,"Regular Season - 9","Strasbourg","Auxerre",0.5094,0.2687,0.2219,1.71,1.07,https://theopenmodel.com/match/strasbourg-vs-auxerre-2026-10-31/
2026-10-31T16:00:00+00:00,ligue-1,"Regular Season - 9","Lorient","Brest",0.438,0.2802,0.2818,1.56,1.22,https://theopenmodel.com/match/lorient-vs-brest-2026-10-31/
2026-10-31T16:00:00+00:00,ligue-1,"Regular Season - 9","Troyes","Le Mans",0.4473,0.2791,0.2736,1.58,1.2,https://theopenmodel.com/match/troyes-vs-le-mans-2026-10-31/
2026-10-31T16:00:00+00:00,ligue-1,"Regular Season - 9","Le Havre","Paris SG",0.0649,0.1832,0.7519,0.54,2.24,https://theopenmodel.com/match/le-havre-vs-paris-sg-2026-10-31/
2026-10-31T16:00:00+00:00,ligue-1,"Regular Season - 9","Paris FC","Monaco",0.3122,0.2833,0.4045,1.29,1.49,https://theopenmodel.com/match/paris-fc-vs-monaco-2026-10-31/
2026-10-31T17:30:00+00:00,premier-league,"Regular Season - 9","Tottenham","Crystal Palace",0.3839,0.2844,0.3317,1.45,1.33,https://theopenmodel.com/match/tottenham-vs-crystal-palace-2026-10-31/
2026-11-01T14:00:00+00:00,premier-league,"Regular Season - 9","Aston Villa","Fulham",0.5432,0.261,0.1958,1.78,1,https://theopenmodel.com/match/aston-villa-vs-fulham-2026-11-01/
2026-11-01T16:00:00+00:00,la-liga,"Regular Season - 11","Barcelona","Alaves",0.7597,0.1792,0.0611,2.26,0.52,https://theopenmodel.com/match/barcelona-vs-alaves-2026-11-01/
2026-11-01T16:00:00+00:00,la-liga,"Regular Season - 11","Bilbao","Sociedad",0.4081,0.283,0.3088,1.5,1.28,https://theopenmodel.com/match/bilbao-vs-sociedad-2026-11-01/
2026-11-01T16:00:00+00:00,la-liga,"Regular Season - 11","Villarreal","Espanyol",0.5536,0.2583,0.1881,1.8,0.98,https://theopenmodel.com/match/villarreal-vs-espanyol-2026-11-01/
2026-11-01T16:00:00+00:00,la-liga,"Regular Season - 11","Levante","Atletico",0.1937,0.2603,0.546,0.99,1.79,https://theopenmodel.com/match/levante-vs-atletico-2026-11-01/
2026-11-01T16:00:00+00:00,la-liga,"Regular Season - 11","Betis","Malaga",0.639,0.2318,0.1292,1.98,0.8,https://theopenmodel.com/match/betis-vs-malaga-2026-11-01/
2026-11-01T16:00:00+00:00,la-liga,"Regular Season - 11","Depor","Osasuna",0.2967,0.2819,0.4213,1.25,1.53,https://theopenmodel.com/match/depor-vs-osasuna-2026-11-01/
2026-11-01T16:00:00+00:00,la-liga,"Regular Season - 11","Getafe","Sevilla",0.4053,0.2832,0.3114,1.49,1.29,https://theopenmodel.com/match/getafe-vs-sevilla-2026-11-01/
2026-11-01T16:00:00+00:00,la-liga,"Regular Season - 11","Rayo Vallecano","Celta",0.4036,0.2834,0.3131,1.49,1.29,https://theopenmodel.com/match/rayo-vallecano-vs-celta-2026-11-01/
2026-11-01T16:00:00+00:00,la-liga,"Regular Season - 11","Elche","Valencia",0.3308,0.2844,0.3848,1.33,1.45,https://theopenmodel.com/match/elche-vs-valencia-2026-11-01/
2026-11-01T16:00:00+00:00,la-liga,"Regular Season - 11","Santander","Real Madrid",0.0908,0.2062,0.703,0.66,2.12,https://theopenmodel.com/match/santander-vs-real-madrid-2026-11-01/
2026-11-01T16:30:00+00:00,premier-league,"Regular Season - 9","Liverpool","Arsenal",0.2435,0.2737,0.4828,1.12,1.66,https://theopenmodel.com/match/liverpool-vs-arsenal-2026-11-01/
2026-11-01T17:30:00+00:00,serie-a,"Regular Season - 10","Lazio","Cagliari",0.53,0.2641,0.2059,1.75,1.03,https://theopenmodel.com/match/lazio-vs-cagliari-2026-11-01/
2026-11-01T17:30:00+00:00,serie-a,"Regular Season - 10","Sassuolo","Fiorentina",0.3582,0.2849,0.3569,1.39,1.39,https://theopenmodel.com/match/sassuolo-vs-fiorentina-2026-11-01/
2026-11-01T17:30:00+00:00,serie-a,"Regular Season - 10","Milan","Inter",0.2572,0.2764,0.4665,1.16,1.62,https://theopenmodel.com/match/milan-vs-inter-2026-11-01/
2026-11-01T17:30:00+00:00,serie-a,"Regular Season - 10","Udinese","Roma",0.2525,0.2755,0.472,1.15,1.63,https://theopenmodel.com/match/udinese-vs-roma-2026-11-01/
2026-11-01T17:30:00+00:00,serie-a,"Regular Season - 10","Juventus","Napoli",0.3919,0.2841,0.3241,1.47,1.32,https://theopenmodel.com/match/juventus-vs-napoli-2026-11-01/
2026-11-01T17:30:00+00:00,serie-a,"Regular Season - 10","Atalanta","Parma",0.6238,0.2371,0.139,1.95,0.83,https://theopenmodel.com/match/atalanta-vs-parma-2026-11-01/
2026-11-01T17:30:00+00:00,serie-a,"Regular Season - 10","Bologna","Monza",0.6058,0.2431,0.1511,1.91,0.87,https://theopenmodel.com/match/bologna-vs-monza-2026-11-01/
2026-11-01T17:30:00+00:00,serie-a,"Regular Season - 10","Frosinone","Torino",0.3455,0.2848,0.3697,1.36,1.42,https://theopenmodel.com/match/frosinone-vs-torino-2026-11-01/
2026-11-01T17:30:00+00:00,serie-a,"Regular Season - 10","Lecce","Genoa",0.3683,0.2849,0.3468,1.41,1.37,https://theopenmodel.com/match/lecce-vs-genoa-2026-11-01/
2026-11-01T17:30:00+00:00,serie-a,"Regular Season - 10","Como","Venezia",0.6052,0.2433,0.1515,1.91,0.87,https://theopenmodel.com/match/como-vs-venezia-2026-11-01/
2026-11-02T20:00:00+00:00,premier-league,"Regular Season - 9","Newcastle","Everton",0.4399,0.28,0.2801,1.57,1.21,https://theopenmodel.com/match/newcastle-vs-everton-2026-11-02/
2026-11-07T14:30:00+00:00,bundesliga,"Regular Season - 9","Freiburg","Union Berlin",0.5403,0.2617,0.198,1.78,1.01,https://theopenmodel.com/match/freiburg-vs-union-berlin-2026-11-07/
2026-11-07T14:30:00+00:00,bundesliga,"Regular Season - 9","Mainz","Bayern",0.0993,0.2126,0.6881,0.69,2.09,https://theopenmodel.com/match/mainz-vs-bayern-2026-11-07/
2026-11-07T14:30:00+00:00,bundesliga,"Regular Season - 9","Dortmund","Elversberg",0.7737,0.1719,0.0544,2.29,0.49,https://theopenmodel.com/match/dortmund-vs-elversberg-2026-11-07/
2026-11-07T14:30:00+00:00,bundesliga,"Regular Season - 9","Hoffenheim","Schalke",0.6298,0.2351,0.1351,1.96,0.82,https://theopenmodel.com/match/hoffenheim-vs-schalke-2026-11-07/
2026-11-07T14:30:00+00:00,bundesliga,"Regular Season - 9","Stuttgart","Werder",0.6029,0.2441,0.1531,1.91,0.87,https://theopenmodel.com/match/stuttgart-vs-werder-2026-11-07/
2026-11-07T14:30:00+00:00,bundesliga,"Regular Season - 9","RB Leipzig","Augsburg",0.5644,0.2555,0.1802,1.83,0.96,https://theopenmodel.com/match/rb-leipzig-vs-augsburg-2026-11-07/
2026-11-07T14:30:00+00:00,bundesliga,"Regular Season - 9","Hamburg","Gladbach",0.369,0.2848,0.3461,1.42,1.37,https://theopenmodel.com/match/hamburg-vs-gladbach-2026-11-07/
2026-11-07T14:30:00+00:00,bundesliga,"Regular Season - 9","Paderborn","Frankfurt",0.2604,0.277,0.4626,1.17,1.61,https://theopenmodel.com/match/paderborn-vs-frankfurt-2026-11-07/
2026-11-07T14:30:00+00:00,bundesliga,"Regular Season - 9","Koeln","Leverkusen",0.1692,0.2512,0.5797,0.92,1.86,https://theopenmodel.com/match/koeln-vs-leverkusen-2026-11-07/
2026-11-07T15:00:00+00:00,premier-league,"Regular Season - 10","Man United","Aston Villa",0.3773,0.2847,0.3381,1.43,1.35,https://theopenmodel.com/match/man-united-vs-aston-villa-2026-11-07/
2026-11-07T15:00:00+00:00,premier-league,"Regular Season - 10","Fulham","Newcastle",0.3855,0.2844,0.3302,1.45,1.33,https://theopenmodel.com/match/fulham-vs-newcastle-2026-11-07/
2026-11-07T15:00:00+00:00,premier-league,"Regular Season - 10","Arsenal","Hull",0.8784,0.1032,0.0184,2.78,0.3,https://theopenmodel.com/match/arsenal-vs-hull-2026-11-07/
2026-11-07T15:00:00+00:00,premier-league,"Regular Season - 10","Everton","Coventry",0.6011,0.2446,0.1543,1.9,0.88,https://theopenmodel.com/match/everton-vs-coventry-2026-11-07/
2026-11-07T15:00:00+00:00,premier-league,"Regular Season - 10","Brighton","Brentford",0.4068,0.2831,0.31,1.5,1.28,https://theopenmodel.com/match/brighton-vs-brentford-2026-11-07/
2026-11-07T15:00:00+00:00,premier-league,"Regular Season - 10","Crystal Palace","Liverpool",0.2803,0.28,0.4397,1.21,1.57,https://theopenmodel.com/match/crystal-palace-vs-liverpool-2026-11-07/
2026-11-07T15:00:00+00:00,premier-league,"Regular Season - 10","Ipswich","Bournemouth",0.1818,0.2561,0.5621,0.96,1.82,https://theopenmodel.com/match/ipswich-vs-bournemouth-2026-11-07/
2026-11-07T15:00:00+00:00,premier-league,"Regular Season - 10","Leeds","Tottenham",0.4665,0.2764,0.2572,1.62,1.16,https://theopenmodel.com/match/leeds-vs-tottenham-2026-11-07/
2026-11-07T15:00:00+00:00,premier-league,"Regular Season - 10","Forest","Man City",0.2376,0.2724,0.49,1.11,1.67,https://theopenmodel.com/match/forest-vs-man-city-2026-11-07/
2026-11-07T15:00:00+00:00,premier-league,"Regular Season - 10","Sunderland","Chelsea",0.2942,0.2817,0.4242,1.25,1.53,https://theopenmodel.com/match/sunderland-vs-chelsea-2026-11-07/
2026-11-07T16:00:00+00:00,ligue-1,"Regular Season - 10","Angers","Nice",0.3736,0.2848,0.3417,1.43,1.36,https://theopenmodel.com/match/angers-vs-nice-2026-11-07/
2026-11-07T16:00:00+00:00,ligue-1,"Regular Season - 10","Paris SG","Troyes",0.8627,0.1161,0.0213,2.63,0.3,https://theopenmodel.com/match/paris-sg-vs-troyes-2026-11-07/
2026-11-07T16:00:00+00:00,ligue-1,"Regular Season - 10","Rennes","Lille",0.3818,0.2845,0.3337,1.44,1.34,https://theopenmodel.com/match/rennes-vs-lille-2026-11-07/
2026-11-07T16:00:00+00:00,ligue-1,"Regular Season - 10","Toulouse","Strasbourg",0.3472,0.2849,0.368,1.37,1.41,https://theopenmodel.com/match/toulouse-vs-strasbourg-2026-11-07/
2026-11-07T16:00:00+00:00,ligue-1,"Regular Season - 10","Brest","Lyon",0.2722,0.2788,0.449,1.2,1.59,https://theopenmodel.com/match/brest-vs-lyon-2026-11-07/
2026-11-07T16:00:00+00:00,ligue-1,"Regular Season - 10","Auxerre","Paris FC",0.3998,0.2836,0.3166,1.48,1.3,https://theopenmodel.com/match/auxerre-vs-paris-fc-2026-11-07/
2026-11-07T16:00:00+00:00,ligue-1,"Regular Season - 10","Le Havre","Lorient",0.3457,0.2848,0.3695,1.36,1.42,https://theopenmodel.com/match/le-havre-vs-lorient-2026-11-07/
2026-11-07T16:00:00+00:00,ligue-1,"Regular Season - 10","Le Mans","Monaco",0.1799,0.2554,0.5647,0.95,1.83,https://theopenmodel.com/match/le-mans-vs-monaco-2026-11-07/
2026-11-07T19:45:00+00:00,ligue-1,"Regular Season - 10","Lens","Marseille",0.4656,0.2765,0.2579,1.62,1.16,https://theopenmodel.com/match/lens-vs-marseille-2026-11-07/
2026-11-08T16:00:00+00:00,la-liga,"Regular Season - 12","Atletico","Barcelona",0.2796,0.2799,0.4405,1.21,1.57,https://theopenmodel.com/match/atletico-vs-barcelona-2026-11-08/
2026-11-08T16:00:00+00:00,la-liga,"Regular Season - 12","Valencia","Real Madrid",0.1726,0.2525,0.5749,0.93,1.85,https://theopenmodel.com/match/valencia-vs-real-madrid-2026-11-08/
2026-11-08T16:00:00+00:00,la-liga,"Regular Season - 12","Villarreal","Getafe",0.5431,0.261,0.1959,1.78,1,https://theopenmodel.com/match/villarreal-vs-getafe-2026-11-08/
2026-11-08T16:00:00+00:00,la-liga,"Regular Season - 12","Malaga","Santander",0.3901,0.2841,0.3257,1.46,1.32,https://theopenmodel.com/match/malaga-vs-santander-2026-11-08/
2026-11-08T16:00:00+00:00,la-liga,"Regular Season - 12","Sevilla","Alaves",0.4164,0.2824,0.3013,1.52,1.26,https://theopenmodel.com/match/sevilla-vs-alaves-2026-11-08/
2026-11-08T16:00:00+00:00,la-liga,"Regular Season - 12","Celta","Levante",0.5079,0.269,0.2231,1.71,1.07,https://theopenmodel.com/match/celta-vs-levante-2026-11-08/
2026-11-08T16:00:00+00:00,la-liga,"Regular Season - 12","Espanyol","Depor",0.5254,0.2652,0.2094,1.75,1.04,https://theopenmodel.com/match/espanyol-vs-depor-2026-11-08/
2026-11-08T16:00:00+00:00,la-liga,"Regular Season - 12","Sociedad","Rayo Vallecano",0.3787,0.2846,0.3367,1.44,1.34,https://theopenmodel.com/match/sociedad-vs-rayo-vallecano-2026-11-08/
2026-11-08T16:00:00+00:00,la-liga,"Regular Season - 12","Osasuna","Bilbao",0.4045,0.2833,0.3122,1.49,1.29,https://theopenmodel.com/match/osasuna-vs-bilbao-2026-11-08/
2026-11-08T16:00:00+00:00,la-liga,"Regular Season - 12","Elche","Betis",0.2689,0.2784,0.4527,1.19,1.59,https://theopenmodel.com/match/elche-vs-betis-2026-11-08/
2026-11-08T17:30:00+00:00,serie-a,"Regular Season - 11","Cagliari","Frosinone",0.4635,0.2768,0.2597,1.62,1.16,https://theopenmodel.com/match/cagliari-vs-frosinone-2026-11-08/
2026-11-08T17:30:00+00:00,serie-a,"Regular Season - 11","Napoli","Lazio",0.5193,0.2666,0.2142,1.73,1.05,https://theopenmodel.com/match/napoli-vs-lazio-2026-11-08/
2026-11-08T17:30:00+00:00,serie-a,"Regular Season - 11","Genoa","Milan",0.256,0.2762,0.4678,1.16,1.63,https://theopenmodel.com/match/genoa-vs-milan-2026-11-08/
2026-11-08T17:30:00+00:00,serie-a,"Regular Season - 11","Roma","Sassuolo",0.619,0.2388,0.1422,1.94,0.84,https://theopenmodel.com/match/roma-vs-sassuolo-2026-11-08/
2026-11-08T17:30:00+00:00,serie-a,"Regular Season - 11","Fiorentina","Juventus",0.2985,0.2821,0.4194,1.26,1.52,https://theopenmodel.com/match/fiorentina-vs-juventus-2026-11-08/
2026-11-08T17:30:00+00:00,serie-a,"Regular Season - 11","Torino","Lecce",0.4809,0.274,0.2451,1.65,1.13,https://theopenmodel.com/match/torino-vs-lecce-2026-11-08/
2026-11-08T17:30:00+00:00,serie-a,"Regular Season - 11","Inter","Como",0.5733,0.253,0.1737,1.85,0.94,https://theopenmodel.com/match/inter-vs-como-2026-11-08/
2026-11-08T17:30:00+00:00,serie-a,"Regular Season - 11","Venezia","Udinese",0.3578,0.285,0.3572,1.39,1.39,https://theopenmodel.com/match/venezia-vs-udinese-2026-11-08/
2026-11-08T17:30:00+00:00,serie-a,"Regular Season - 11","Parma","Bologna",0.2864,0.2808,0.4328,1.23,1.55,https://theopenmodel.com/match/parma-vs-bologna-2026-11-08/
2026-11-08T17:30:00+00:00,serie-a,"Regular Season - 11","Monza","Atalanta",0.1806,0.2556,0.5638,0.96,1.83,https://theopenmodel.com/match/monza-vs-atalanta-2026-11-08/
2026-11-21T14:30:00+00:00,bundesliga,"Regular Season - 10","Bayern","Koeln",0.8592,0.1189,0.0219,2.59,0.3,https://theopenmodel.com/match/bayern-vs-koeln-2026-11-21/
2026-11-21T14:30:00+00:00,bundesliga,"Regular Season - 10","Werder","Hamburg",0.4186,0.2822,0.2992,1.52,1.26,https://theopenmodel.com/match/werder-vs-hamburg-2026-11-21/
2026-11-21T14:30:00+00:00,bundesliga,"Regular Season - 10","Gladbach","Dortmund",0.2062,0.2643,0.5295,1.03,1.75,https://theopenmodel.com/match/gladbach-vs-dortmund-2026-11-21/
2026-11-21T14:30:00+00:00,bundesliga,"Regular Season - 10","Leverkusen","Paderborn",0.7396,0.1893,0.0712,2.21,0.57,https://theopenmodel.com/match/leverkusen-vs-paderborn-2026-11-21/
2026-11-21T14:30:00+00:00,bundesliga,"Regular Season - 10","Frankfurt","Hoffenheim",0.3714,0.2848,0.3438,1.42,1.36,https://theopenmodel.com/match/frankfurt-vs-hoffenheim-2026-11-21/
2026-11-21T14:30:00+00:00,bundesliga,"Regular Season - 10","Augsburg","Mainz",0.3727,0.2848,0.3425,1.42,1.36,https://theopenmodel.com/match/augsburg-vs-mainz-2026-11-21/
2026-11-21T14:30:00+00:00,bundesliga,"Regular Season - 10","Schalke","Stuttgart",0.1622,0.2482,0.5896,0.9,1.88,https://theopenmodel.com/match/schalke-vs-stuttgart-2026-11-21/
2026-11-21T14:30:00+00:00,bundesliga,"Regular Season - 10","Union Berlin","RB Leipzig",0.2562,0.2762,0.4675,1.16,1.63,https://theopenmodel.com/match/union-berlin-vs-rb-leipzig-2026-11-21/
2026-11-21T14:30:00+00:00,bundesliga,"Regular Season - 10","Elversberg","Freiburg",0.1993,0.2621,0.5385,1.01,1.77,https://theopenmodel.com/match/elversberg-vs-freiburg-2026-11-21/
2026-11-21T15:00:00+00:00,premier-league,"Regular Season - 11","Newcastle","Arsenal",0.1754,0.2536,0.5709,0.94,1.84,https://theopenmodel.com/match/newcastle-vs-arsenal-2026-11-21/
2026-11-21T15:00:00+00:00,premier-league,"Regular Season - 11","Bournemouth","Forest",0.4883,0.2727,0.2389,1.67,1.11,https://theopenmodel.com/match/bournemouth-vs-forest-2026-11-21/
2026-11-21T15:00:00+00:00,premier-league,"Regular Season - 11","Liverpool","Man United",0.4392,0.2801,0.2807,1.57,1.22,https://theopenmodel.com/match/liverpool-vs-man-united-2026-11-21/
2026-11-21T15:00:00+00:00,premier-league,"Regular Season - 11","Tottenham","Ipswich",0.5516,0.2588,0.1895,1.8,0.98,https://theopenmodel.com/match/tottenham-vs-ipswich-2026-11-21/
2026-11-21T15:00:00+00:00,premier-league,"Regular Season - 11","Chelsea","Leeds",0.4391,0.2801,0.2808,1.57,1.22,https://theopenmodel.com/match/chelsea-vs-leeds-2026-11-21/
2026-11-21T15:00:00+00:00,premier-league,"Regular Season - 11","Man City","Fulham",0.6029,0.2441,0.1531,1.91,0.87,https://theopenmodel.com/match/man-city-vs-fulham-2026-11-21/
2026-11-21T15:00:00+00:00,premier-league,"Regular Season - 11","Brentford","Everton",0.4526,0.2784,0.2691,1.59,1.19,https://theopenmodel.com/match/brentford-vs-everton-2026-11-21/
2026-11-21T15:00:00+00:00,premier-league,"Regular Season - 11","Hull","Brighton",0.1313,0.233,0.6357,0.8,1.98,https://theopenmodel.com/match/hull-vs-brighton-2026-11-21/
2026-11-21T15:00:00+00:00,premier-league,"Regular Season - 11","Aston Villa","Sunderland",0.6476,0.2286,0.1238,2,0.78,https://theopenmodel.com/match/aston-villa-vs-sunderland-2026-11-21/
2026-11-21T15:00:00+00:00,premier-league,"Regular Season - 11","Coventry","Crystal Palace",0.2667,0.278,0.4553,1.18,1.6,https://theopenmodel.com/match/coventry-vs-crystal-palace-2026-11-21/
2026-11-21T16:00:00+00:00,ligue-1,"Regular Season - 11","Lille","Lyon",0.4113,0.2828,0.3059,1.51,1.27,https://theopenmodel.com/match/lille-vs-lyon-2026-11-21/
2026-11-21T16:00:00+00:00,ligue-1,"Regular Season - 11","Marseille","Le Mans",0.6948,0.2097,0.0955,2.11,0.68,https://theopenmodel.com/match/marseille-vs-le-mans-2026-11-21/
2026-11-21T16:00:00+00:00,ligue-1,"Regular Season - 11","Nice","Paris SG",0.066,0.1843,0.7497,0.55,2.23,https://theopenmodel.com/match/nice-vs-paris-sg-2026-11-21/
2026-11-21T16:00:00+00:00,ligue-1,"Regular Season - 11","Monaco","Auxerre",0.5355,0.2628,0.2016,1.77,1.02,https://theopenmodel.com/match/monaco-vs-auxerre-2026-11-21/
2026-11-21T16:00:00+00:00,ligue-1,"Regular Season - 11","Strasbourg","Brest",0.5058,0.2694,0.2248,1.7,1.08,https://theopenmodel.com/match/strasbourg-vs-brest-2026-11-21/
2026-11-21T16:00:00+00:00,ligue-1,"Regular Season - 11","Lorient","Rennes",0.3261,0.2842,0.3898,1.32,1.46,https://theopenmodel.com/match/lorient-vs-rennes-2026-11-21/
2026-11-21T16:00:00+00:00,ligue-1,"Regular Season - 11","Troyes","Le Havre",0.3473,0.2849,0.3679,1.37,1.41,https://theopenmodel.com/match/troyes-vs-le-havre-2026-11-21/
2026-11-21T16:00:00+00:00,ligue-1,"Regular Season - 11","Paris FC","Angers",0.5104,0.2685,0.2212,1.71,1.07,https://theopenmodel.com/match/paris-fc-vs-angers-2026-11-21/
2026-11-21T16:00:00+00:00,ligue-1,"Regular Season - 11","Lens","Toulouse",0.5784,0.2515,0.1701,1.86,0.93,https://theopenmodel.com/match/lens-vs-toulouse-2026-11-21/
2026-11-22T16:00:00+00:00,la-liga,"Regular Season - 13","Barcelona","Villarreal",0.6469,0.2289,0.1242,2,0.78,https://theopenmodel.com/match/barcelona-vs-villarreal-2026-11-22/
2026-11-22T16:00:00+00:00,la-liga,"Regular Season - 13","Bilbao","Espanyol",0.4361,0.2804,0.2835,1.56,1.22,https://theopenmodel.com/match/bilbao-vs-espanyol-2026-11-22/
2026-11-22T16:00:00+00:00,la-liga,"Regular Season - 13","Sevilla","Betis",0.3035,0.2826,0.4139,1.27,1.51,https://theopenmodel.com/match/sevilla-vs-betis-2026-11-22/
2026-11-22T16:00:00+00:00,la-liga,"Regular Season - 13","Levante","Elche",0.4151,0.2825,0.3024,1.51,1.27,https://theopenmodel.com/match/levante-vs-elche-2026-11-22/
2026-11-22T16:00:00+00:00,la-liga,"Regular Season - 13","Real Madrid","Celta",0.6805,0.2157,0.1037,2.07,0.71,https://theopenmodel.com/match/real-madrid-vs-celta-2026-11-22/
2026-11-22T16:00:00+00:00,la-liga,"Regular Season - 13","Alaves","Depor",0.5424,0.2612,0.1964,1.78,1,https://theopenmodel.com/match/alaves-vs-depor-2026-11-22/
2026-11-22T16:00:00+00:00,la-liga,"Regular Season - 13","Getafe","Atletico",0.2162,0.2671,0.5166,1.05,1.73,https://theopenmodel.com/match/getafe-vs-atletico-2026-11-22/
2026-11-22T16:00:00+00:00,la-liga,"Regular Season - 13","Osasuna","Malaga",0.5165,0.2672,0.2163,1.73,1.05,https://theopenmodel.com/match/osasuna-vs-malaga-2026-11-22/
2026-11-22T16:00:00+00:00,la-liga,"Regular Season - 13","Rayo Vallecano","Valencia",0.4118,0.2828,0.3055,1.51,1.27,https://theopenmodel.com/match/rayo-vallecano-vs-valencia-2026-11-22/
2026-11-22T16:00:00+00:00,la-liga,"Regular Season - 13","Santander","Sociedad",0.3243,0.2841,0.3916,1.32,1.46,https://theopenmodel.com/match/santander-vs-sociedad-2026-11-22/
2026-11-22T17:30:00+00:00,serie-a,"Regular Season - 12","Lazio","Lecce",0.576,0.2522,0.1718,1.85,0.93,https://theopenmodel.com/match/lazio-vs-lecce-2026-11-22/
2026-11-22T17:30:00+00:00,serie-a,"Regular Season - 12","Sassuolo","Genoa",0.4314,0.2809,0.2877,1.55,1.23,https://theopenmodel.com/match/sassuolo-vs-genoa-2026-11-22/
2026-11-22T17:30:00+00:00,serie-a,"Regular Season - 12","Milan","Frosinone",0.6352,0.2332,0.1317,1.98,0.81,https://theopenmodel.com/match/milan-vs-frosinone-2026-11-22/
2026-11-22T17:30:00+00:00,serie-a,"Regular Season - 12","Napoli","Torino",0.6138,0.2405,0.1457,1.93,0.85,https://theopenmodel.com/match/napoli-vs-torino-2026-11-22/
2026-11-22T17:30:00+00:00,serie-a,"Regular Season - 12","Juventus","Venezia",0.6214,0.238,0.1407,1.95,0.84,https://theopenmodel.com/match/juventus-vs-venezia-2026-11-22/
2026-11-22T17:30:00+00:00,serie-a,"Regular Season - 12","Atalanta","Inter",0.271,0.2787,0.4503,1.19,1.59,https://theopenmodel.com/match/atalanta-vs-inter-2026-11-22/
2026-11-22T17:30:00+00:00,serie-a,"Regular Season - 12","Bologna","Udinese",0.4783,0.2745,0.2472,1.65,1.13,https://theopenmodel.com/match/bologna-vs-udinese-2026-11-22/
2026-11-22T17:30:00+00:00,serie-a,"Regular Season - 12","Parma","Roma",0.1956,0.2609,0.5435,1,1.78,https://theopenmodel.com/match/parma-vs-roma-2026-11-22/
2026-11-22T17:30:00+00:00,serie-a,"Regular Season - 12","Como","Cagliari",0.5963,0.2461,0.1575,1.89,0.89,https://theopenmodel.com/match/como-vs-cagliari-2026-11-22/
2026-11-22T17:30:00+00:00,serie-a,"Regular Season - 12","Monza","Fiorentina",0.2699,0.2785,0.4516,1.19,1.59,https://theopenmodel.com/match/monza-vs-fiorentina-2026-11-22/
2026-11-28T14:30:00+00:00,bundesliga,"Regular Season - 11","Freiburg","RB Leipzig",0.371,0.2848,0.3442,1.42,1.36,https://theopenmodel.com/match/freiburg-vs-rb-leipzig-2026-11-28/
2026-11-28T14:30:00+00:00,bundesliga,"Regular Season - 11","Werder","Gladbach",0.3735,0.2848,0.3418,1.43,1.36,https://theopenmodel.com/match/werder-vs-gladbach-2026-11-28/
2026-11-28T14:30:00+00:00,bundesliga,"Regular Season - 11","Mainz","Union Berlin",0.4765,0.2748,0.2487,1.64,1.14,https://theopenmodel.com/match/mainz-vs-union-berlin-2026-11-28/
2026-11-28T14:30:00+00:00,bundesliga,"Regular Season - 11","Dortmund","Leverkusen",0.4505,0.2786,0.2708,1.59,1.19,https://theopenmodel.com/match/dortmund-vs-leverkusen-2026-11-28/
2026-11-28T14:30:00+00:00,bundesliga,"Regular Season - 11","Hoffenheim","Augsburg",0.4904,0.2724,0.2373,1.67,1.11,https://theopenmodel.com/match/hoffenheim-vs-augsburg-2026-11-28/
2026-11-28T14:30:00+00:00,bundesliga,"Regular Season - 11","Stuttgart","Frankfurt",0.5337,0.2633,0.203,1.76,1.02,https://theopenmodel.com/match/stuttgart-vs-frankfurt-2026-11-28/
2026-11-28T14:30:00+00:00,bundesliga,"Regular Season - 11","Hamburg","Bayern",0.0593,0.1773,0.7634,0.52,2.27,https://theopenmodel.com/match/hamburg-vs-bayern-2026-11-28/
2026-11-28T14:30:00+00:00,bundesliga,"Regular Season - 11","Paderborn","Schalke",0.4207,0.282,0.2973,1.53,1.25,https://theopenmodel.com/match/paderborn-vs-schalke-2026-11-28/
2026-11-28T14:30:00+00:00,bundesliga,"Regular Season - 11","Koeln","Elversberg",0.4673,0.2762,0.2565,1.62,1.16,https://theopenmodel.com/match/koeln-vs-elversberg-2026-11-28/
2026-11-28T15:00:00+00:00,premier-league,"Regular Season - 12","Man United","Brentford",0.4632,0.2769,0.2599,1.62,1.17,https://theopenmodel.com/match/man-united-vs-brentford-2026-11-28/
2026-11-28T15:00:00+00:00,premier-league,"Regular Season - 12","Fulham","Bournemouth",0.346,0.2848,0.3691,1.37,1.42,https://theopenmodel.com/match/fulham-vs-bournemouth-2026-11-28/
2026-11-28T15:00:00+00:00,premier-league,"Regular Season - 12","Arsenal","Man City",0.5278,0.2646,0.2075,1.75,1.03,https://theopenmodel.com/match/arsenal-vs-man-city-2026-11-28/
2026-11-28T15:00:00+00:00,premier-league,"Regular Season - 12","Everton","Liverpool",0.3059,0.2828,0.4113,1.27,1.51,https://theopenmodel.com/match/everton-vs-liverpool-2026-11-28/
2026-11-28T15:00:00+00:00,premier-league,"Regular Season - 12","Brighton","Newcastle",0.4193,0.2821,0.2986,1.52,1.26,https://theopenmodel.com/match/brighton-vs-newcastle-2026-11-28/
2026-11-28T15:00:00+00:00,premier-league,"Regular Season - 12","Crystal Palace","Hull",0.6896,0.2119,0.0984,2.09,0.69,https://theopenmodel.com/match/crystal-palace-vs-hull-2026-11-28/
2026-11-28T15:00:00+00:00,premier-league,"Regular Season - 12","Ipswich","Aston Villa",0.1414,0.2383,0.6203,0.84,1.94,https://theopenmodel.com/match/ipswich-vs-aston-villa-2026-11-28/
2026-11-28T15:00:00+00:00,premier-league,"Regular Season - 12","Leeds","Coventry",0.5943,0.2468,0.1589,1.89,0.89,https://theopenmodel.com/match/leeds-vs-coventry-2026-11-28/
2026-11-28T15:00:00+00:00,premier-league,"Regular Season - 12","Forest","Chelsea",0.389,0.2842,0.3268,1.46,1.32,https://theopenmodel.com/match/forest-vs-chelsea-2026-11-28/
2026-11-28T15:00:00+00:00,premier-league,"Regular Season - 12","Sunderland","Tottenham",0.3666,0.2849,0.3485,1.41,1.37,https://theopenmodel.com/match/sunderland-vs-tottenham-2026-11-28/
2026-11-28T16:00:00+00:00,ligue-1,"Regular Season - 12","Angers","Lens",0.1762,0.2539,0.5699,0.94,1.84,https://theopenmodel.com/match/angers-vs-lens-2026-11-28/
2026-11-28T16:00:00+00:00,ligue-1,"Regular Season - 12","Lyon","Monaco",0.4478,0.279,0.2732,1.58,1.2,https://theopenmodel.com/match/lyon-vs-monaco-2026-11-28/
2026-11-28T16:00:00+00:00,ligue-1,"Regular Season - 12","Nice","Troyes",0.4854,0.2733,0.2413,1.66,1.12,https://theopenmodel.com/match/nice-vs-troyes-2026-11-28/
2026-11-28T16:00:00+00:00,ligue-1,"Regular Season - 12","Paris SG","Lorient",0.7909,0.1625,0.0465,2.33,0.45,https://theopenmodel.com/match/paris-sg-vs-lorient-2026-11-28/
2026-11-28T16:00:00+00:00,ligue-1,"Regular Season - 12","Toulouse","Rennes",0.3245,0.2841,0.3914,1.32,1.46,https://theopenmodel.com/match/toulouse-vs-rennes-2026-11-28/
2026-11-28T16:00:00+00:00,ligue-1,"Regular Season - 12","Brest","Paris FC",0.4033,0.2834,0.3133,1.49,1.29,https://theopenmodel.com/match/brest-vs-paris-fc-2026-11-28/
2026-11-28T16:00:00+00:00,ligue-1,"Regular Season - 12","Auxerre","Marseille",0.284,0.2805,0.4355,1.22,1.56,https://theopenmodel.com/match/auxerre-vs-marseille-2026-11-28/
2026-11-28T16:00:00+00:00,ligue-1,"Regular Season - 12","Le Havre","Strasbourg",0.284,0.2805,0.4355,1.22,1.56,https://theopenmodel.com/match/le-havre-vs-strasbourg-2026-11-28/
2026-11-28T16:00:00+00:00,ligue-1,"Regular Season - 12","Le Mans","Lille",0.1578,0.2462,0.596,0.89,1.89,https://theopenmodel.com/match/le-mans-vs-lille-2026-11-28/
2026-11-29T16:00:00+00:00,la-liga,"Regular Season - 14","Valencia","Osasuna",0.4679,0.2762,0.2559,1.63,1.16,https://theopenmodel.com/match/valencia-vs-osasuna-2026-11-29/
2026-11-29T16:00:00+00:00,la-liga,"Regular Season - 14","Malaga","Bilbao",0.3074,0.2829,0.4097,1.28,1.5,https://theopenmodel.com/match/malaga-vs-bilbao-2026-11-29/
2026-11-29T16:00:00+00:00,la-liga,"Regular Season - 14","Celta","Villarreal",0.352,0.2849,0.3631,1.38,1.4,https://theopenmodel.com/match/celta-vs-villarreal-2026-11-29/
2026-11-29T16:00:00+00:00,la-liga,"Regular Season - 14","Levante","Santander",0.4604,0.2773,0.2624,1.61,1.17,https://theopenmodel.com/match/levante-vs-santander-2026-11-29/
2026-11-29T16:00:00+00:00,la-liga,"Regular Season - 14","Espanyol","Getafe",0.4038,0.2833,0.3129,1.49,1.29,https://theopenmodel.com/match/espanyol-vs-getafe-2026-11-29/
2026-11-29T16:00:00+00:00,la-liga,"Regular Season - 14","Real Madrid","Alaves",0.7342,0.1918,0.0739,2.2,0.58,https://theopenmodel.com/match/real-madrid-vs-alaves-2026-11-29/
2026-11-29T16:00:00+00:00,la-liga,"Regular Season - 14","Betis","Rayo Vallecano",0.485,0.2733,0.2417,1.66,1.12,https://theopenmodel.com/match/betis-vs-rayo-vallecano-2026-11-29/
2026-11-29T16:00:00+00:00,la-liga,"Regular Season - 14","Depor","Barcelona",0.0563,0.174,0.7697,0.5,2.28,https://theopenmodel.com/match/depor-vs-barcelona-2026-11-29/
2026-11-29T16:00:00+00:00,la-liga,"Regular Season - 14","Sociedad","Sevilla",0.423,0.2818,0.2952,1.53,1.25,https://theopenmodel.com/match/sociedad-vs-sevilla-2026-11-29/
2026-11-29T16:00:00+00:00,la-liga,"Regular Season - 14","Elche","Atletico",0.1929,0.26,0.5471,0.99,1.79,https://theopenmodel.com/match/elche-vs-atletico-2026-11-29/
2026-11-29T17:30:00+00:00,serie-a,"Regular Season - 13","Sassuolo","Napoli",0.2297,0.2706,0.4996,1.09,1.69,https://theopenmodel.com/match/sassuolo-vs-napoli-2026-11-29/
2026-11-29T17:30:00+00:00,serie-a,"Regular Season - 13","Cagliari","Milan",0.255,0.276,0.469,1.15,1.63,https://theopenmodel.com/match/cagliari-vs-milan-2026-11-29/
2026-11-29T17:30:00+00:00,serie-a,"Regular Season - 13","Udinese","Fiorentina",0.3872,0.2843,0.3285,1.46,1.33,https://theopenmodel.com/match/udinese-vs-fiorentina-2026-11-29/
2026-11-29T17:30:00+00:00,serie-a,"Regular Season - 13","Roma","Monza",0.7114,0.2025,0.0862,2.14,0.64,https://theopenmodel.com/match/roma-vs-monza-2026-11-29/
2026-11-29T17:30:00+00:00,serie-a,"Regular Season - 13","Torino","Lazio",0.3235,0.284,0.3925,1.31,1.47,https://theopenmodel.com/match/torino-vs-lazio-2026-11-29/
2026-11-29T17:30:00+00:00,serie-a,"Regular Season - 13","Inter","Genoa",0.7456,0.1863,0.0681,2.22,0.56,https://theopenmodel.com/match/inter-vs-genoa-2026-11-29/
2026-11-29T17:30:00+00:00,serie-a,"Regular Season - 13","Frosinone","Parma",0.3869,0.2843,0.3288,1.45,1.33,https://theopenmodel.com/match/frosinone-vs-parma-2026-11-29/
2026-11-29T17:30:00+00:00,serie-a,"Regular Season - 13","Venezia","Bologna",0.298,0.2821,0.4199,1.26,1.53,https://theopenmodel.com/match/venezia-vs-bologna-2026-11-29/
2026-11-29T17:30:00+00:00,serie-a,"Regular Season - 13","Lecce","Atalanta",0.2048,0.2638,0.5313,1.02,1.76,https://theopenmodel.com/match/lecce-vs-atalanta-2026-11-29/
2026-11-29T17:30:00+00:00,serie-a,"Regular Season - 13","Como","Juventus",0.3979,0.2837,0.3183,1.48,1.3,https://theopenmodel.com/match/como-vs-juventus-2026-11-29/
2026-12-02T20:00:00+00:00,premier-league,"Regular Season - 13","Newcastle","Man United",0.3538,0.2849,0.3612,1.38,1.4,https://theopenmodel.com/match/newcastle-vs-man-united-2026-12-02/
2026-12-02T20:00:00+00:00,premier-league,"Regular Season - 13","Bournemouth","Brighton",0.4496,0.2788,0.2716,1.59,1.19,https://theopenmodel.com/match/bournemouth-vs-brighton-2026-12-02/
2026-12-02T20:00:00+00:00,premier-league,"Regular Season - 13","Liverpool","Sunderland",0.6357,0.233,0.1313,1.98,0.8,https://theopenmodel.com/match/liverpool-vs-sunderland-2026-12-02/
2026-12-02T20:00:00+00:00,premier-league,"Regular Season - 13","Tottenham","Fulham",0.3592,0.2849,0.3559,1.39,1.39,https://theopenmodel.com/match/tottenham-vs-fulham-2026-12-02/
2026-12-02T20:00:00+00:00,premier-league,"Regular Season - 13","Chelsea","Crystal Palace",0.4609,0.2772,0.2619,1.61,1.17,https://theopenmodel.com/match/chelsea-vs-crystal-palace-2026-12-02/
2026-12-02T20:00:00+00:00,premier-league,"Regular Season - 13","Man City","Leeds",0.6066,0.2429,0.1505,1.92,0.87,https://theopenmodel.com/match/man-city-vs-leeds-2026-12-02/
2026-12-02T20:00:00+00:00,premier-league,"Regular Season - 13","Brentford","Arsenal",0.1846,0.2571,0.5583,0.97,1.81,https://theopenmodel.com/match/brentford-vs-arsenal-2026-12-02/
2026-12-02T20:00:00+00:00,premier-league,"Regular Season - 13","Hull","Forest",0.1566,0.2457,0.5978,0.89,1.9,https://theopenmodel.com/match/hull-vs-forest-2026-12-02/
2026-12-02T20:00:00+00:00,premier-league,"Regular Season - 13","Aston Villa","Everton",0.5402,0.2617,0.1981,1.78,1.01,https://theopenmodel.com/match/aston-villa-vs-everton-2026-12-02/
2026-12-02T20:00:00+00:00,premier-league,"Regular Season - 13","Coventry","Ipswich",0.4239,0.2817,0.2944,1.53,1.25,https://theopenmodel.com/match/coventry-vs-ipswich-2026-12-02/
2026-12-05T14:30:00+00:00,bundesliga,"Regular Season - 12","Bayern","Paderborn",0.8705,0.1096,0.0198,2.7,0.3,https://theopenmodel.com/match/bayern-vs-paderborn-2026-12-05/
2026-12-05T14:30:00+00:00,bundesliga,"Regular Season - 12","Freiburg","Hoffenheim",0.443,0.2796,0.2774,1.57,1.21,https://theopenmodel.com/match/freiburg-vs-hoffenheim-2026-12-05/
2026-12-05T14:30:00+00:00,bundesliga,"Regular Season - 12","Leverkusen","Gladbach",0.6092,0.242,0.1487,1.92,0.86,https://theopenmodel.com/match/leverkusen-vs-gladbach-2026-12-05/
2026-12-05T14:30:00+00:00,bundesliga,"Regular Season - 12","Frankfurt","Werder",0.4829,0.2737,0.2434,1.66,1.12,https://theopenmodel.com/match/frankfurt-vs-werder-2026-12-05/
2026-12-05T14:30:00+00:00,bundesliga,"Regular Season - 12","Augsburg","Koeln",0.4954,0.2714,0.2332,1.68,1.1,https://theopenmodel.com/match/augsburg-vs-koeln-2026-12-05/
2026-12-05T14:30:00+00:00,bundesliga,"Regular Season - 12","RB Leipzig","Mainz",0.5217,0.266,0.2123,1.74,1.04,https://theopenmodel.com/match/rb-leipzig-vs-mainz-2026-12-05/
2026-12-05T14:30:00+00:00,bundesliga,"Regular Season - 12","Schalke","Dortmund",0.1086,0.2191,0.6724,0.72,2.06,https://theopenmodel.com/match/schalke-vs-dortmund-2026-12-05/
2026-12-05T14:30:00+00:00,bundesliga,"Regular Season - 12","Union Berlin","Hamburg",0.4345,0.2806,0.2849,1.56,1.23,https://theopenmodel.com/match/union-berlin-vs-hamburg-2026-12-05/
2026-12-05T14:30:00+00:00,bundesliga,"Regular Season - 12","Elversberg","Stuttgart",0.1653,0.2495,0.5852,0.91,1.87,https://theopenmodel.com/match/elversberg-vs-stuttgart-2026-12-05/
2026-12-05T15:00:00+00:00,premier-league,"Regular Season - 14","Man United","Coventry",0.6866,0.2132,0.1002,2.09,0.69,https://theopenmodel.com/match/man-united-vs-coventry-2026-12-05/
2026-12-05T15:00:00+00:00,premier-league,"Regular Season - 14","Newcastle","Sunderland",0.5488,0.2596,0.1917,1.79,0.99,https://theopenmodel.com/match/newcastle-vs-sunderland-2026-12-05/
2026-12-05T15:00:00+00:00,premier-league,"Regular Season - 14","Bournemouth","Hull",0.7756,0.1709,0.0535,2.3,0.49,https://theopenmodel.com/match/bournemouth-vs-hull-2026-12-05/
2026-12-05T15:00:00+00:00,premier-league,"Regular Season - 14","Everton","Fulham",0.417,0.2823,0.3007,1.52,1.26,https://theopenmodel.com/match/everton-vs-fulham-2026-12-05/
2026-12-05T15:00:00+00:00,premier-league,"Regular Season - 14","Tottenham","Arsenal",0.119,0.2257,0.6553,0.76,2.02,https://theopenmodel.com/match/tottenham-vs-arsenal-2026-12-05/
2026-12-05T15:00:00+00:00,premier-league,"Regular Season - 14","Chelsea","Liverpool",0.3228,0.284,0.3932,1.31,1.47,https://theopenmodel.com/match/chelsea-vs-liverpool-2026-12-05/
2026-12-05T15:00:00+00:00,premier-league,"Regular Season - 14","Brentford","Man City",0.2765,0.2795,0.444,1.21,1.58,https://theopenmodel.com/match/brentford-vs-man-city-2026-12-05/
2026-12-05T15:00:00+00:00,premier-league,"Regular Season - 14","Leeds","Ipswich",0.6043,0.2436,0.1521,1.91,0.87,https://theopenmodel.com/match/leeds-vs-ipswich-2026-12-05/
2026-12-05T15:00:00+00:00,premier-league,"Regular Season - 14","Forest","Brighton",0.3764,0.2847,0.339,1.43,1.35,https://theopenmodel.com/match/forest-vs-brighton-2026-12-05/
2026-12-05T15:00:00+00:00,premier-league,"Regular Season - 14","Aston Villa","Crystal Palace",0.569,0.2542,0.1768,1.84,0.95,https://theopenmodel.com/match/aston-villa-vs-crystal-palace-2026-12-05/
2026-12-05T16:00:00+00:00,ligue-1,"Regular Season - 13","Lille","Auxerre",0.567,0.2547,0.1783,1.83,0.95,https://theopenmodel.com/match/lille-vs-auxerre-2026-12-05/
2026-12-05T16:00:00+00:00,ligue-1,"Regular Season - 13","Marseille","Nice",0.593,0.2472,0.1598,1.89,0.9,https://theopenmodel.com/match/marseille-vs-nice-2026-12-05/
2026-12-05T16:00:00+00:00,ligue-1,"Regular Season - 13","Monaco","Angers",0.6173,0.2394,0.1434,1.94,0.84,https://theopenmodel.com/match/monaco-vs-angers-2026-12-05/
2026-12-05T16:00:00+00:00,ligue-1,"Regular Season - 13","Rennes","Brest",0.5302,0.2641,0.2057,1.76,1.03,https://theopenmodel.com/match/rennes-vs-brest-2026-12-05/
2026-12-05T16:00:00+00:00,ligue-1,"Regular Season - 13","Strasbourg","Lorient",0.4813,0.274,0.2447,1.65,1.13,https://theopenmodel.com/match/strasbourg-vs-lorient-2026-12-05/
2026-12-05T16:00:00+00:00,ligue-1,"Regular Season - 13","Toulouse","Paris SG",0.0987,0.2121,0.6892,0.69,2.09,https://theopenmodel.com/match/toulouse-vs-paris-sg-2026-12-05/
2026-12-05T16:00:00+00:00,ligue-1,"Regular Season - 13","Troyes","Lyon",0.1796,0.2552,0.5652,0.95,1.83,https://theopenmodel.com/match/troyes-vs-lyon-2026-12-05/
2026-12-05T16:00:00+00:00,ligue-1,"Regular Season - 13","Paris FC","Le Mans",0.5744,0.2527,0.1729,1.85,0.93,https://theopenmodel.com/match/paris-fc-vs-le-mans-2026-12-05/
2026-12-05T16:00:00+00:00,ligue-1,"Regular Season - 13","Lens","Le Havre",0.6464,0.2291,0.1245,2,0.78,https://theopenmodel.com/match/lens-vs-le-havre-2026-12-05/
2026-12-06T16:00:00+00:00,la-liga,"Regular Season - 15","Barcelona","Celta",0.7075,0.2042,0.0883,2.14,0.65,https://theopenmodel.com/match/barcelona-vs-celta-2026-12-06/
2026-12-06T16:00:00+00:00,la-liga,"Regular Season - 15","Atletico","Betis",0.5078,0.269,0.2232,1.71,1.07,https://theopenmodel.com/match/atletico-vs-betis-2026-12-06/
2026-12-06T16:00:00+00:00,la-liga,"Regular Season - 15","Bilbao","Real Madrid",0.1422,0.2388,0.619,0.84,1.94,https://theopenmodel.com/match/bilbao-vs-real-madrid-2026-12-06/
2026-12-06T16:00:00+00:00,la-liga,"Regular Season - 15","Villarreal","Sociedad",0.5251,0.2653,0.2097,1.74,1.04,https://theopenmodel.com/match/villarreal-vs-sociedad-2026-12-06/
2026-12-06T16:00:00+00:00,la-liga,"Regular Season - 15","Sevilla","Malaga",0.5231,0.2657,0.2112,1.74,1.04,https://theopenmodel.com/match/sevilla-vs-malaga-2026-12-06/
2026-12-06T16:00:00+00:00,la-liga,"Regular Season - 15","Alaves","Espanyol",0.4307,0.281,0.2883,1.55,1.23,https://theopenmodel.com/match/alaves-vs-espanyol-2026-12-06/
2026-12-06T16:00:00+00:00,la-liga,"Regular Season - 15","Getafe","Valencia",0.3593,0.2849,0.3558,1.39,1.39,https://theopenmodel.com/match/getafe-vs-valencia-2026-12-06/
2026-12-06T16:00:00+00:00,la-liga,"Regular Season - 15","Osasuna","Elche",0.4463,0.2792,0.2746,1.58,1.2,https://theopenmodel.com/match/osasuna-vs-elche-2026-12-06/
2026-12-06T16:00:00+00:00,la-liga,"Regular Season - 15","Rayo Vallecano","Levante",0.4972,0.2711,0.2317,1.69,1.09,https://theopenmodel.com/match/rayo-vallecano-vs-levante-2026-12-06/
2026-12-06T16:00:00+00:00,la-liga,"Regular Season - 15","Santander","Depor",0.4596,0.2774,0.263,1.61,1.17,https://theopenmodel.com/match/santander-vs-depor-2026-12-06/
2026-12-06T17:30:00+00:00,serie-a,"Regular Season - 14","Lazio","Atalanta",0.3445,0.2848,0.3707,1.36,1.42,https://theopenmodel.com/match/lazio-vs-atalanta-2026-12-06/
2026-12-06T17:30:00+00:00,serie-a,"Regular Season - 14","Milan","Parma",0.6079,0.2424,0.1496,1.92,0.86,https://theopenmodel.com/match/milan-vs-parma-2026-12-06/
2026-12-06T17:30:00+00:00,serie-a,"Regular Season - 14","Napoli","Lecce",0.6787,0.2165,0.1048,2.07,0.71,https://theopenmodel.com/match/napoli-vs-lecce-2026-12-06/
2026-12-06T17:30:00+00:00,serie-a,"Regular Season - 14","Genoa","Torino",0.3943,0.2839,0.3217,1.47,1.31,https://theopenmodel.com/match/genoa-vs-torino-2026-12-06/
2026-12-06T17:30:00+00:00,serie-a,"Regular Season - 14","Juventus","Udinese",0.5638,0.2556,0.1806,1.83,0.96,https://theopenmodel.com/match/juventus-vs-udinese-2026-12-06/
2026-12-06T17:30:00+00:00,serie-a,"Regular Season - 14","Bologna","Roma",0.3092,0.2831,0.4078,1.28,1.5,https://theopenmodel.com/match/bologna-vs-roma-2026-12-06/
2026-12-06T17:30:00+00:00,serie-a,"Regular Season - 14","Fiorentina","Cagliari",0.4902,0.2724,0.2374,1.67,1.11,https://theopenmodel.com/match/fiorentina-vs-cagliari-2026-12-06/
2026-12-06T17:30:00+00:00,serie-a,"Regular Season - 14","Frosinone","Inter",0.1007,0.2136,0.6857,0.7,2.09,https://theopenmodel.com/match/frosinone-vs-inter-2026-12-06/
2026-12-06T17:30:00+00:00,serie-a,"Regular Season - 14","Venezia","Sassuolo",0.3869,0.2843,0.3288,1.45,1.33,https://theopenmodel.com/match/venezia-vs-sassuolo-2026-12-06/
2026-12-06T17:30:00+00:00,serie-a,"Regular Season - 14","Monza","Como",0.1849,0.2572,0.5579,0.97,1.81,https://theopenmodel.com/match/monza-vs-como-2026-12-06/
2026-12-12T14:30:00+00:00,bundesliga,"Regular Season - 13","Werder","Leverkusen",0.2025,0.2631,0.5343,1.02,1.76,https://theopenmodel.com/match/werder-vs-leverkusen-2026-12-12/
2026-12-12T14:30:00+00:00,bundesliga,"Regular Season - 13","Gladbach","Frankfurt",0.3871,0.2843,0.3286,1.46,1.33,https://theopenmodel.com/match/gladbach-vs-frankfurt-2026-12-12/
2026-12-12T14:30:00+00:00,bundesliga,"Regular Season - 13","Mainz","Freiburg",0.3527,0.2849,0.3624,1.38,1.4,https://theopenmodel.com/match/mainz-vs-freiburg-2026-12-12/
2026-12-12T14:30:00+00:00,bundesliga,"Regular Season - 13","Dortmund","Augsburg",0.6504,0.2276,0.122,2.01,0.77,https://theopenmodel.com/match/dortmund-vs-augsburg-2026-12-12/
2026-12-12T14:30:00+00:00,bundesliga,"Regular Season - 13","Hoffenheim","Bayern",0.1187,0.2256,0.6557,0.76,2.02,https://theopenmodel.com/match/hoffenheim-vs-bayern-2026-12-12/
2026-12-12T14:30:00+00:00,bundesliga,"Regular Season - 13","Stuttgart","Union Berlin",0.5869,0.249,0.1641,1.87,0.91,https://theopenmodel.com/match/stuttgart-vs-union-berlin-2026-12-12/
2026-12-12T14:30:00+00:00,bundesliga,"Regular Season - 13","Hamburg","Schalke",0.5125,0.268,0.2195,1.72,1.06,https://theopenmodel.com/match/hamburg-vs-schalke-2026-12-12/
2026-12-12T14:30:00+00:00,bundesliga,"Regular Season - 13","Paderborn","Elversberg",0.4164,0.2824,0.3013,1.52,1.26,https://theopenmodel.com/match/paderborn-vs-elversberg-2026-12-12/
2026-12-12T14:30:00+00:00,bundesliga,"Regular Season - 13","Koeln","RB Leipzig",0.2065,0.2643,0.5292,1.03,1.75,https://theopenmodel.com/match/koeln-vs-rb-leipzig-2026-12-12/
2026-12-12T15:00:00+00:00,premier-league,"Regular Season - 15","Fulham","Brentford",0.3733,0.2848,0.342,1.43,1.36,https://theopenmodel.com/match/fulham-vs-brentford-2026-12-12/
2026-12-12T15:00:00+00:00,premier-league,"Regular Season - 15","Liverpool","Leeds",0.5348,0.263,0.2022,1.76,1.02,https://theopenmodel.com/match/liverpool-vs-leeds-2026-12-12/
2026-12-12T15:00:00+00:00,premier-league,"Regular Season - 15","Arsenal","Bournemouth",0.6453,0.2295,0.1252,2,0.78,https://theopenmodel.com/match/arsenal-vs-bournemouth-2026-12-12/
2026-12-12T15:00:00+00:00,premier-league,"Regular Season - 15","Man City","Chelsea",0.5815,0.2506,0.1679,1.86,0.92,https://theopenmodel.com/match/man-city-vs-chelsea-2026-12-12/
2026-12-12T15:00:00+00:00,premier-league,"Regular Season - 15","Brighton","Everton",0.4453,0.2793,0.2754,1.58,1.2,https://theopenmodel.com/match/brighton-vs-everton-2026-12-12/
2026-12-12T15:00:00+00:00,premier-league,"Regular Season - 15","Crystal Palace","Man United",0.303,0.2825,0.4145,1.27,1.51,https://theopenmodel.com/match/crystal-palace-vs-man-united-2026-12-12/
2026-12-12T15:00:00+00:00,premier-league,"Regular Season - 15","Ipswich","Newcastle",0.2131,0.2663,0.5206,1.05,1.74,https://theopenmodel.com/match/ipswich-vs-newcastle-2026-12-12/
2026-12-12T15:00:00+00:00,premier-league,"Regular Season - 15","Hull","Tottenham",0.1943,0.2605,0.5453,0.99,1.79,https://theopenmodel.com/match/hull-vs-tottenham-2026-12-12/
2026-12-12T15:00:00+00:00,premier-league,"Regular Season - 15","Sunderland","Forest",0.3173,0.2837,0.399,1.3,1.48,https://theopenmodel.com/match/sunderland-vs-forest-2026-12-12/
2026-12-12T15:00:00+00:00,premier-league,"Regular Season - 15","Coventry","Aston Villa",0.1479,0.2416,0.6104,0.86,1.92,https://theopenmodel.com/match/coventry-vs-aston-villa-2026-12-12/
2026-12-12T16:00:00+00:00,ligue-1,"Regular Season - 14","Angers","Strasbourg",0.2504,0.2751,0.4745,1.14,1.64,https://theopenmodel.com/match/angers-vs-strasbourg-2026-12-12/
2026-12-12T16:00:00+00:00,ligue-1,"Regular Season - 14","Nice","Lens",0.2072,0.2646,0.5282,1.03,1.75,https://theopenmodel.com/match/nice-vs-lens-2026-12-12/
2026-12-12T16:00:00+00:00,ligue-1,"Regular Season - 14","Paris SG","Paris FC",0.8019,0.1564,0.0418,2.36,0.42,https://theopenmodel.com/match/paris-sg-vs-paris-fc-2026-12-12/
2026-12-12T16:00:00+00:00,ligue-1,"Regular Season - 14","Rennes","Monaco",0.4124,0.2827,0.3049,1.51,1.27,https://theopenmodel.com/match/rennes-vs-monaco-2026-12-12/
2026-12-12T16:00:00+00:00,ligue-1,"Regular Season - 14","Lorient","Lille",0.296,0.2819,0.4222,1.25,1.53,https://theopenmodel.com/match/lorient-vs-lille-2026-12-12/
2026-12-12T16:00:00+00:00,ligue-1,"Regular Season - 14","Brest","Troyes",0.5298,0.2642,0.206,1.75,1.03,https://theopenmodel.com/match/brest-vs-troyes-2026-12-12/
2026-12-12T16:00:00+00:00,ligue-1,"Regular Season - 14","Auxerre","Toulouse",0.3884,0.2842,0.3274,1.46,1.32,https://theopenmodel.com/match/auxerre-vs-toulouse-2026-12-12/
2026-12-12T16:00:00+00:00,ligue-1,"Regular Season - 14","Le Havre","Le Mans",0.5167,0.2671,0.2161,1.73,1.05,https://theopenmodel.com/match/le-havre-vs-le-mans-2026-12-12/
2026-12-13T16:00:00+00:00,la-liga,"Regular Season - 16","Atletico","Valencia",0.577,0.2519,0.171,1.85,0.93,https://theopenmodel.com/match/atletico-vs-valencia-2026-12-13/
2026-12-13T16:00:00+00:00,la-liga,"Regular Season - 16","Villarreal","Rayo Vallecano",0.4886,0.2727,0.2387,1.67,1.11,https://theopenmodel.com/match/villarreal-vs-rayo-vallecano-2026-12-13/
2026-12-13T16:00:00+00:00,la-liga,"Regular Season - 16","Malaga","Barcelona",0.0653,0.1836,0.7511,0.55,2.24,https://theopenmodel.com/match/malaga-vs-barcelona-2026-12-13/
2026-12-13T16:00:00+00:00,la-liga,"Regular Season - 16","Levante","Alaves",0.3792,0.2846,0.3362,1.44,1.34,https://theopenmodel.com/match/levante-vs-alaves-2026-12-13/
2026-12-13T16:00:00+00:00,la-liga,"Regular Season - 16","Espanyol","Celta",0.3415,0.2847,0.3737,1.36,1.43,https://theopenmodel.com/match/espanyol-vs-celta-2026-12-13/
2026-12-13T16:00:00+00:00,la-liga,"Regular Season - 16","Real Madrid","Osasuna",0.738,0.19,0.072,2.21,0.58,https://theopenmodel.com/match/real-madrid-vs-osasuna-2026-12-13/
2026-12-13T16:00:00+00:00,la-liga,"Regular Season - 16","Betis","Santander",0.6151,0.2401,0.1448,1.93,0.85,https://theopenmodel.com/match/betis-vs-santander-2026-12-13/
2026-12-13T16:00:00+00:00,la-liga,"Regular Season - 16","Depor","Bilbao",0.2881,0.281,0.4309,1.23,1.55,https://theopenmodel.com/match/depor-vs-bilbao-2026-12-13/
2026-12-13T16:00:00+00:00,la-liga,"Regular Season - 16","Sociedad","Getafe",0.4317,0.2809,0.2874,1.55,1.23,https://theopenmodel.com/match/sociedad-vs-getafe-2026-12-13/
2026-12-13T16:00:00+00:00,la-liga,"Regular Season - 16","Elche","Sevilla",0.3759,0.2847,0.3394,1.43,1.35,https://theopenmodel.com/match/elche-vs-sevilla-2026-12-13/
2026-12-13T17:30:00+00:00,serie-a,"Regular Season - 15","Lazio","Roma",0.3112,0.2832,0.4056,1.29,1.49,https://theopenmodel.com/match/lazio-vs-roma-2026-12-13/
2026-12-13T17:30:00+00:00,serie-a,"Regular Season - 15","Cagliari","Venezia",0.4229,0.2818,0.2954,1.53,1.25,https://theopenmodel.com/match/cagliari-vs-venezia-2026-12-13/
2026-12-13T17:30:00+00:00,serie-a,"Regular Season - 15","Napoli","Milan",0.463,0.2769,0.2601,1.62,1.17,https://theopenmodel.com/match/napoli-vs-milan-2026-12-13/
2026-12-13T17:30:00+00:00,serie-a,"Regular Season - 15","Udinese","Frosinone",0.5128,0.268,0.2193,1.72,1.06,https://theopenmodel.com/match/udinese-vs-frosinone-2026-12-13/
2026-12-13T17:30:00+00:00,serie-a,"Regular Season - 15","Juventus","Monza",0.6878,0.2127,0.0995,2.09,0.69,https://theopenmodel.com/match/juventus-vs-monza-2026-12-13/
2026-12-13T17:30:00+00:00,serie-a,"Regular Season - 15","Atalanta","Genoa",0.601,0.2447,0.1544,1.9,0.88,https://theopenmodel.com/match/atalanta-vs-genoa-2026-12-13/
2026-12-13T17:30:00+00:00,serie-a,"Regular Season - 15","Inter","Torino",0.7277,0.1949,0.0774,2.18,0.6,https://theopenmodel.com/match/inter-vs-torino-2026-12-13/
2026-12-13T17:30:00+00:00,serie-a,"Regular Season - 15","Parma","Fiorentina",0.32,0.2838,0.3962,1.31,1.47,https://theopenmodel.com/match/parma-vs-fiorentina-2026-12-13/
2026-12-13T17:30:00+00:00,serie-a,"Regular Season - 15","Lecce","Sassuolo",0.3516,0.2849,0.3635,1.38,1.4,https://theopenmodel.com/match/lecce-vs-sassuolo-2026-12-13/
2026-12-13T17:30:00+00:00,serie-a,"Regular Season - 15","Como","Bologna",0.4823,0.2738,0.2439,1.66,1.13,https://theopenmodel.com/match/como-vs-bologna-2026-12-13/
2026-12-13T19:45:00+00:00,ligue-1,"Regular Season - 14","Lyon","Marseille",0.4309,0.281,0.2881,1.55,1.23,https://theopenmodel.com/match/lyon-vs-marseille-2026-12-13/
2026-12-19T14:30:00+00:00,bundesliga,"Regular Season - 14","Bayern","Werder",0.8483,0.1277,0.0239,2.5,0.3,https://theopenmodel.com/match/bayern-vs-werder-2026-12-19/
2026-12-19T14:30:00+00:00,bundesliga,"Regular Season - 14","Freiburg","Stuttgart",0.3688,0.2849,0.3464,1.42,1.37,https://theopenmodel.com/match/freiburg-vs-stuttgart-2026-12-19/
2026-12-19T14:30:00+00:00,bundesliga,"Regular Season - 14","Mainz","Koeln",0.5382,0.2622,0.1996,1.77,1.01,https://theopenmodel.com/match/mainz-vs-koeln-2026-12-19/
2026-12-19T14:30:00+00:00,bundesliga,"Regular Season - 14","Leverkusen","Frankfurt",0.5819,0.2505,0.1676,1.86,0.92,https://theopenmodel.com/match/leverkusen-vs-frankfurt-2026-12-19/
2026-12-19T14:30:00+00:00,bundesliga,"Regular Season - 14","Augsburg","Paderborn",0.547,0.26,0.193,1.79,0.99,https://theopenmodel.com/match/augsburg-vs-paderborn-2026-12-19/
2026-12-19T14:30:00+00:00,bundesliga,"Regular Season - 14","RB Leipzig","Dortmund",0.3304,0.2844,0.3853,1.33,1.45,https://theopenmodel.com/match/rb-leipzig-vs-dortmund-2026-12-19/
2026-12-19T14:30:00+00:00,bundesliga,"Regular Season - 14","Schalke","Gladbach",0.2783,0.2797,0.442,1.21,1.57,https://theopenmodel.com/match/schalke-vs-gladbach-2026-12-19/
2026-12-19T14:30:00+00:00,bundesliga,"Regular Season - 14","Union Berlin","Hoffenheim",0.3214,0.2839,0.3947,1.31,1.47,https://theopenmodel.com/match/union-berlin-vs-hoffenheim-2026-12-19/
2026-12-19T14:30:00+00:00,bundesliga,"Regular Season - 14","Elversberg","Hamburg",0.324,0.2841,0.392,1.32,1.47,https://theopenmodel.com/match/elversberg-vs-hamburg-2026-12-19/
2026-12-19T15:00:00+00:00,premier-league,"Regular Season - 16","Bournemouth","Coventry",0.6668,0.2213,0.1119,2.04,0.74,https://theopenmodel.com/match/bournemouth-vs-coventry-2026-12-19/
2026-12-19T15:00:00+00:00,premier-league,"Regular Season - 16","Liverpool","Tottenham",0.5877,0.2488,0.1636,1.88,0.91,https://theopenmodel.com/match/liverpool-vs-tottenham-2026-12-19/
2026-12-19T15:00:00+00:00,premier-league,"Regular Season - 16","Arsenal","Man United",0.6249,0.2368,0.1383,1.95,0.83,https://theopenmodel.com/match/arsenal-vs-man-united-2026-12-19/
2026-12-19T15:00:00+00:00,premier-league,"Regular Season - 16","Chelsea","Aston Villa",0.3117,0.2833,0.4051,1.29,1.49,https://theopenmodel.com/match/chelsea-vs-aston-villa-2026-12-19/
2026-12-19T15:00:00+00:00,premier-league,"Regular Season - 16","Man City","Hull",0.8534,0.1236,0.023,2.54,0.3,https://theopenmodel.com/match/man-city-vs-hull-2026-12-19/
2026-12-19T15:00:00+00:00,premier-league,"Regular Season - 16","Brighton","Ipswich",0.6419,0.2307,0.1274,1.99,0.79,https://theopenmodel.com/match/brighton-vs-ipswich-2026-12-19/
2026-12-19T15:00:00+00:00,premier-league,"Regular Season - 16","Brentford","Newcastle",0.4265,0.2814,0.292,1.54,1.24,https://theopenmodel.com/match/brentford-vs-newcastle-2026-12-19/
2026-12-19T15:00:00+00:00,premier-league,"Regular Season - 16","Leeds","Fulham",0.4102,0.2829,0.3069,1.5,1.28,https://theopenmodel.com/match/leeds-vs-fulham-2026-12-19/
2026-12-19T15:00:00+00:00,premier-league,"Regular Season - 16","Forest","Everton",0.4071,0.2831,0.3098,1.5,1.28,https://theopenmodel.com/match/forest-vs-everton-2026-12-19/
2026-12-19T15:00:00+00:00,premier-league,"Regular Season - 16","Sunderland","Crystal Palace",0.3374,0.2846,0.378,1.35,1.44,https://theopenmodel.com/match/sunderland-vs-crystal-palace-2026-12-19/
2026-12-20T16:00:00+00:00,la-liga,"Regular Season - 17","Barcelona","Sociedad",0.7497,0.1843,0.066,2.23,0.55,https://theopenmodel.com/match/barcelona-vs-sociedad-2026-12-20/
2026-12-20T16:00:00+00:00,la-liga,"Regular Season - 17","Bilbao","Betis",0.3063,0.2828,0.4108,1.28,1.51,https://theopenmodel.com/match/bilbao-vs-betis-2026-12-20/
2026-12-20T16:00:00+00:00,la-liga,"Regular Season - 17","Valencia","Espanyol",0.4806,0.2741,0.2453,1.65,1.13,https://theopenmodel.com/match/valencia-vs-espanyol-2026-12-20/
2026-12-20T16:00:00+00:00,la-liga,"Regular Season - 17","Sevilla","Santander",0.4986,0.2708,0.2306,1.69,1.09,https://theopenmodel.com/match/sevilla-vs-santander-2026-12-20/
2026-12-20T16:00:00+00:00,la-liga,"Regular Season - 17","Celta","Atletico",0.27,0.2785,0.4515,1.19,1.59,https://theopenmodel.com/match/celta-vs-atletico-2026-12-20/
2026-12-20T16:00:00+00:00,la-liga,"Regular Season - 17","Alaves","Elche",0.4504,0.2787,0.2709,1.59,1.19,https://theopenmodel.com/match/alaves-vs-elche-2026-12-20/
2026-12-20T16:00:00+00:00,la-liga,"Regular Season - 17","Depor","Real Madrid",0.0686,0.1868,0.7446,0.56,2.22,https://theopenmodel.com/match/depor-vs-real-madrid-2026-12-20/
2026-12-20T16:00:00+00:00,la-liga,"Regular Season - 17","Getafe","Levante",0.4429,0.2796,0.2775,1.57,1.21,https://theopenmodel.com/match/getafe-vs-levante-2026-12-20/
2026-12-20T16:00:00+00:00,la-liga,"Regular Season - 17","Osasuna","Villarreal",0.2944,0.2817,0.4239,1.25,1.53,https://theopenmodel.com/match/osasuna-vs-villarreal-2026-12-20/
2026-12-20T16:00:00+00:00,la-liga,"Regular Season - 17","Rayo Vallecano","Malaga",0.5687,0.2543,0.177,1.84,0.95,https://theopenmodel.com/match/rayo-vallecano-vs-malaga-2026-12-20/
2026-12-20T17:30:00+00:00,serie-a,"Regular Season - 16","Sassuolo","Parma",0.4545,0.2781,0.2674,1.6,1.18,https://theopenmodel.com/match/sassuolo-vs-parma-2026-12-20/
2026-12-20T17:30:00+00:00,serie-a,"Regular Season - 16","Milan","Como",0.4039,0.2833,0.3128,1.49,1.29,https://theopenmodel.com/match/milan-vs-como-2026-12-20/
2026-12-20T17:30:00+00:00,serie-a,"Regular Season - 16","Genoa","Udinese",0.3675,0.2849,0.3476,1.41,1.37,https://theopenmodel.com/match/genoa-vs-udinese-2026-12-20/
2026-12-20T17:30:00+00:00,serie-a,"Regular Season - 16","Roma","Juventus",0.4391,0.2801,0.2808,1.57,1.22,https://theopenmodel.com/match/roma-vs-juventus-2026-12-20/
2026-12-20T17:30:00+00:00,serie-a,"Regular Season - 16","Atalanta","Napoli",0.3817,0.2845,0.3338,1.44,1.34,https://theopenmodel.com/match/atalanta-vs-napoli-2026-12-20/
2026-12-20T17:30:00+00:00,serie-a,"Regular Season - 16","Fiorentina","Bologna",0.3777,0.2846,0.3376,1.43,1.35,https://theopenmodel.com/match/fiorentina-vs-bologna-2026-12-20/
2026-12-20T17:30:00+00:00,serie-a,"Regular Season - 16","Torino","Cagliari",0.4351,0.2805,0.2844,1.56,1.22,https://theopenmodel.com/match/torino-vs-cagliari-2026-12-20/
2026-12-20T17:30:00+00:00,serie-a,"Regular Season - 16","Frosinone","Lazio",0.2603,0.2769,0.4627,1.17,1.62,https://theopenmodel.com/match/frosinone-vs-lazio-2026-12-20/
2026-12-20T17:30:00+00:00,serie-a,"Regular Season - 16","Venezia","Monza",0.4829,0.2737,0.2434,1.66,1.12,https://theopenmodel.com/match/venezia-vs-monza-2026-12-20/
2026-12-20T17:30:00+00:00,serie-a,"Regular Season - 16","Lecce","Inter",0.1029,0.2151,0.682,0.7,2.08,https://theopenmodel.com/match/lecce-vs-inter-2026-12-20/
2026-12-26T15:00:00+00:00,premier-league,"Regular Season - 17","Man United","Forest",0.5094,0.2687,0.2219,1.71,1.07,https://theopenmodel.com/match/man-united-vs-forest-2026-12-26/
2026-12-26T15:00:00+00:00,premier-league,"Regular Season - 17","Newcastle","Man City",0.2655,0.2778,0.4566,1.18,1.6,https://theopenmodel.com/match/newcastle-vs-man-city-2026-12-26/
2026-12-26T15:00:00+00:00,premier-league,"Regular Season - 17","Fulham","Brighton",0.3803,0.2846,0.3352,1.44,1.34,https://theopenmodel.com/match/fulham-vs-brighton-2026-12-26/
2026-12-26T15:00:00+00:00,premier-league,"Regular Season - 17","Everton","Sunderland",0.5224,0.2659,0.2117,1.74,1.04,https://theopenmodel.com/match/everton-vs-sunderland-2026-12-26/
2026-12-26T15:00:00+00:00,premier-league,"Regular Season - 17","Tottenham","Bournemouth",0.2941,0.2816,0.4243,1.25,1.53,https://theopenmodel.com/match/tottenham-vs-bournemouth-2026-12-26/
2026-12-26T15:00:00+00:00,premier-league,"Regular Season - 17","Crystal Palace","Arsenal",0.138,0.2366,0.6254,0.83,1.95,https://theopenmodel.com/match/crystal-palace-vs-arsenal-2026-12-26/
2026-12-26T15:00:00+00:00,premier-league,"Regular Season - 17","Ipswich","Brentford",0.2033,0.2634,0.5334,1.02,1.76,https://theopenmodel.com/match/ipswich-vs-brentford-2026-12-26/
2026-12-26T15:00:00+00:00,premier-league,"Regular Season - 17","Hull","Liverpool",0.0849,0.2014,0.7137,0.63,2.15,https://theopenmodel.com/match/hull-vs-liverpool-2026-12-26/
2026-12-26T15:00:00+00:00,premier-league,"Regular Season - 17","Aston Villa","Leeds",0.5471,0.26,0.1929,1.79,0.99,https://theopenmodel.com/match/aston-villa-vs-leeds-2026-12-26/
2026-12-26T15:00:00+00:00,premier-league,"Regular Season - 17","Coventry","Chelsea",0.2272,0.27,0.5028,1.08,1.7,https://theopenmodel.com/match/coventry-vs-chelsea-2026-12-26/
2026-12-30T20:00:00+00:00,premier-league,"Regular Season - 18","Man United","Sunderland",0.6108,0.2415,0.1477,1.92,0.86,https://theopenmodel.com/match/man-united-vs-sunderland-2026-12-30/
2026-12-30T20:00:00+00:00,premier-league,"Regular Season - 18","Newcastle","Forest",0.447,0.2791,0.2739,1.58,1.2,https://theopenmodel.com/match/newcastle-vs-forest-2026-12-30/
2026-12-30T20:00:00+00:00,premier-league,"Regular Season - 18","Fulham","Arsenal",0.155,0.245,0.6,0.88,1.9,https://theopenmodel.com/match/fulham-vs-arsenal-2026-12-30/
2026-12-30T20:00:00+00:00,premier-league,"Regular Season - 18","Everton","Man City",0.2434,0.2737,0.4829,1.12,1.66,https://theopenmodel.com/match/everton-vs-man-city-2026-12-30/
2026-12-30T20:00:00+00:00,premier-league,"Regular Season - 18","Tottenham","Brighton",0.3267,0.2842,0.3891,1.32,1.46,https://theopenmodel.com/match/tottenham-vs-brighton-2026-12-30/
2026-12-30T20:00:00+00:00,premier-league,"Regular Season - 18","Crystal Palace","Bournemouth",0.3221,0.2839,0.394,1.31,1.47,https://theopenmodel.com/match/crystal-palace-vs-bournemouth-2026-12-30/
2026-12-30T20:00:00+00:00,premier-league,"Regular Season - 18","Ipswich","Chelsea",0.2192,0.2679,0.5129,1.06,1.72,https://theopenmodel.com/match/ipswich-vs-chelsea-2026-12-30/
2026-12-30T20:00:00+00:00,premier-league,"Regular Season - 18","Hull","Leeds",0.1564,0.2456,0.598,0.88,1.9,https://theopenmodel.com/match/hull-vs-leeds-2026-12-30/
2026-12-30T20:00:00+00:00,premier-league,"Regular Season - 18","Aston Villa","Liverpool",0.4261,0.2815,0.2925,1.54,1.24,https://theopenmodel.com/match/aston-villa-vs-liverpool-2026-12-30/
2026-12-30T20:00:00+00:00,premier-league,"Regular Season - 18","Coventry","Brentford",0.2111,0.2657,0.5232,1.04,1.74,https://theopenmodel.com/match/coventry-vs-brentford-2026-12-30/
2027-01-02T15:00:00+00:00,premier-league,"Regular Season - 19","Bournemouth","Aston Villa",0.3572,0.285,0.3578,1.39,1.39,https://theopenmodel.com/match/bournemouth-vs-aston-villa-2027-01-02/
2027-01-02T15:00:00+00:00,premier-league,"Regular Season - 19","Liverpool","Coventry",0.7103,0.2029,0.0868,2.14,0.64,https://theopenmodel.com/match/liverpool-vs-coventry-2027-01-02/
2027-01-02T15:00:00+00:00,premier-league,"Regular Season - 19","Arsenal","Ipswich",0.8542,0.123,0.0228,2.55,0.3,https://theopenmodel.com/match/arsenal-vs-ipswich-2027-01-02/
2027-01-02T15:00:00+00:00,premier-league,"Regular Season - 19","Chelsea","Newcastle",0.4065,0.2832,0.3104,1.5,1.28,https://theopenmodel.com/match/chelsea-vs-newcastle-2027-01-02/
2027-01-02T15:00:00+00:00,premier-league,"Regular Season - 19","Man City","Tottenham",0.6581,0.2247,0.1173,2.03,0.76,https://theopenmodel.com/match/man-city-vs-tottenham-2027-01-02/
2027-01-02T15:00:00+00:00,premier-league,"Regular Season - 19","Brighton","Man United",0.3589,0.2849,0.3561,1.39,1.39,https://theopenmodel.com/match/brighton-vs-man-united-2027-01-02/
2027-01-02T15:00:00+00:00,premier-league,"Regular Season - 19","Brentford","Crystal Palace",0.4813,0.274,0.2447,1.65,1.13,https://theopenmodel.com/match/brentford-vs-crystal-palace-2027-01-02/
2027-01-02T15:00:00+00:00,premier-league,"Regular Season - 19","Leeds","Everton",0.4073,0.2831,0.3096,1.5,1.28,https://theopenmodel.com/match/leeds-vs-everton-2027-01-02/
2027-01-02T15:00:00+00:00,premier-league,"Regular Season - 19","Forest","Fulham",0.41,0.2829,0.3071,1.5,1.28,https://theopenmodel.com/match/forest-vs-fulham-2027-01-02/
2027-01-02T15:00:00+00:00,premier-league,"Regular Season - 19","Sunderland","Hull",0.6129,0.2408,0.1463,1.93,0.85,https://theopenmodel.com/match/sunderland-vs-hull-2027-01-02/
2027-01-02T16:00:00+00:00,ligue-1,"Regular Season - 15","Lille","Strasbourg",0.471,0.2757,0.2533,1.63,1.15,https://theopenmodel.com/match/lille-vs-strasbourg-2027-01-02/
2027-01-02T16:00:00+00:00,ligue-1,"Regular Season - 15","Monaco","Nice",0.5761,0.2522,0.1717,1.85,0.93,https://theopenmodel.com/match/monaco-vs-nice-2027-01-02/
2027-01-02T16:00:00+00:00,ligue-1,"Regular Season - 15","Toulouse","Angers",0.5222,0.2659,0.2119,1.74,1.04,https://theopenmodel.com/match/toulouse-vs-angers-2027-01-02/
2027-01-02T16:00:00+00:00,ligue-1,"Regular Season - 15","Lorient","Auxerre",0.4416,0.2798,0.2786,1.57,1.21,https://theopenmodel.com/match/lorient-vs-auxerre-2027-01-02/
2027-01-02T16:00:00+00:00,ligue-1,"Regular Season - 15","Brest","Marseille",0.2872,0.2809,0.432,1.23,1.55,https://theopenmodel.com/match/brest-vs-marseille-2027-01-02/
2027-01-02T16:00:00+00:00,ligue-1,"Regular Season - 15","Troyes","Rennes",0.2064,0.2643,0.5293,1.03,1.75,https://theopenmodel.com/match/troyes-vs-rennes-2027-01-02/
2027-01-02T16:00:00+00:00,ligue-1,"Regular Season - 15","Paris FC","Le Havre",0.4711,0.2757,0.2532,1.63,1.15,https://theopenmodel.com/match/paris-fc-vs-le-havre-2027-01-02/
2027-01-02T16:00:00+00:00,ligue-1,"Regular Season - 15","Le Mans","Lyon",0.1559,0.2454,0.5987,0.88,1.9,https://theopenmodel.com/match/le-mans-vs-lyon-2027-01-02/
2027-01-03T16:00:00+00:00,la-liga,"Regular Season - 18","Villarreal","Sevilla",0.5342,0.2632,0.2026,1.76,1.02,https://theopenmodel.com/match/villarreal-vs-sevilla-2027-01-03/
2027-01-03T16:00:00+00:00,la-liga,"Regular Season - 18","Malaga","Elche",0.3465,0.2849,0.3687,1.37,1.42,https://theopenmodel.com/match/malaga-vs-elche-2027-01-03/
2027-01-03T16:00:00+00:00,la-liga,"Regular Season - 18","Celta","Depor",0.6007,0.2448,0.1545,1.9,0.88,https://theopenmodel.com/match/celta-vs-depor-2027-01-03/
2027-01-03T16:00:00+00:00,la-liga,"Regular Season - 18","Levante","Valencia",0.3318,0.2844,0.3838,1.33,1.45,https://theopenmodel.com/match/levante-vs-valencia-2027-01-03/
2027-01-03T16:00:00+00:00,la-liga,"Regular Season - 18","Espanyol","Barcelona",0.1108,0.2205,0.6687,0.73,2.05,https://theopenmodel.com/match/espanyol-vs-barcelona-2027-01-03/
2027-01-03T16:00:00+00:00,la-liga,"Regular Season - 18","Real Madrid","Getafe",0.74,0.1891,0.0709,2.21,0.57,https://theopenmodel.com/match/real-madrid-vs-getafe-2027-01-03/
2027-01-03T16:00:00+00:00,la-liga,"Regular Season - 18","Betis","Alaves",0.533,0.2634,0.2036,1.76,1.02,https://theopenmodel.com/match/betis-vs-alaves-2027-01-03/
2027-01-03T16:00:00+00:00,la-liga,"Regular Season - 18","Sociedad","Osasuna",0.4295,0.2811,0.2894,1.55,1.24,https://theopenmodel.com/match/sociedad-vs-osasuna-2027-01-03/
2027-01-03T16:00:00+00:00,la-liga,"Regular Season - 18","Rayo Vallecano","Atletico",0.2608,0.277,0.4621,1.17,1.61,https://theopenmodel.com/match/rayo-vallecano-vs-atletico-2027-01-03/
2027-01-03T16:00:00+00:00,la-liga,"Regular Season - 18","Santander","Bilbao",0.3298,0.2843,0.3858,1.33,1.45,https://theopenmodel.com/match/santander-vs-bilbao-2027-01-03/
2027-01-03T17:30:00+00:00,serie-a,"Regular Season - 17","Cagliari","Genoa",0.4128,0.2827,0.3045,1.51,1.27,https://theopenmodel.com/match/cagliari-vs-genoa-2027-01-03/
2027-01-03T17:30:00+00:00,serie-a,"Regular Season - 17","Udinese","Atalanta",0.2835,0.2804,0.4361,1.22,1.56,https://theopenmodel.com/match/udinese-vs-atalanta-2027-01-03/
2027-01-03T17:30:00+00:00,serie-a,"Regular Season - 17","Roma","Frosinone",0.685,0.2139,0.1011,2.08,0.7,https://theopenmodel.com/match/roma-vs-frosinone-2027-01-03/
2027-01-03T17:30:00+00:00,serie-a,"Regular Season - 17","Bologna","Juventus",0.3325,0.2845,0.3831,1.34,1.45,https://theopenmodel.com/match/bologna-vs-juventus-2027-01-03/
2027-01-03T17:30:00+00:00,serie-a,"Regular Season - 17","Fiorentina","Lazio",0.3756,0.2847,0.3397,1.43,1.35,https://theopenmodel.com/match/fiorentina-vs-lazio-2027-01-03/
2027-01-03T17:30:00+00:00,serie-a,"Regular Season - 17","Torino","Venezia",0.444,0.2795,0.2765,1.58,1.21,https://theopenmodel.com/match/torino-vs-venezia-2027-01-03/
2027-01-03T17:30:00+00:00,serie-a,"Regular Season - 17","Inter","Sassuolo",0.73,0.1939,0.0762,2.19,0.59,https://theopenmodel.com/match/inter-vs-sassuolo-2027-01-03/
2027-01-03T17:30:00+00:00,serie-a,"Regular Season - 17","Parma","Napoli",0.1977,0.2616,0.5407,1,1.78,https://theopenmodel.com/match/parma-vs-napoli-2027-01-03/
2027-01-03T17:30:00+00:00,serie-a,"Regular Season - 17","Como","Lecce",0.6413,0.2309,0.1277,1.99,0.79,https://theopenmodel.com/match/como-vs-lecce-2027-01-03/
2027-01-03T17:30:00+00:00,serie-a,"Regular Season - 17","Monza","Milan",0.1925,0.2599,0.5476,0.99,1.79,https://theopenmodel.com/match/monza-vs-milan-2027-01-03/
2027-01-03T19:45:00+00:00,ligue-1,"Regular Season - 15","Lens","Paris SG",0.2073,0.2646,0.5281,1.03,1.75,https://theopenmodel.com/match/lens-vs-paris-sg-2027-01-03/
2027-01-06T17:30:00+00:00,serie-a,"Regular Season - 18","Lazio","Inter",0.2114,0.2658,0.5228,1.04,1.74,https://theopenmodel.com/match/lazio-vs-inter-2027-01-06/
2027-01-06T17:30:00+00:00,serie-a,"Regular Season - 18","Sassuolo","Udinese",0.3844,0.2844,0.3312,1.45,1.33,https://theopenmodel.com/match/sassuolo-vs-udinese-2027-01-06/
2027-01-06T17:30:00+00:00,serie-a,"Regular Season - 18","Milan","Fiorentina",0.5094,0.2687,0.2219,1.71,1.07,https://theopenmodel.com/match/milan-vs-fiorentina-2027-01-06/
2027-01-06T17:30:00+00:00,serie-a,"Regular Season - 18","Napoli","Cagliari",0.6347,0.2333,0.132,1.97,0.81,https://theopenmodel.com/match/napoli-vs-cagliari-2027-01-06/
2027-01-06T17:30:00+00:00,serie-a,"Regular Season - 18","Genoa","Monza",0.4931,0.2719,0.235,1.68,1.1,https://theopenmodel.com/match/genoa-vs-monza-2027-01-06/
2027-01-06T17:30:00+00:00,serie-a,"Regular Season - 18","Juventus","Torino",0.5915,0.2476,0.1609,1.88,0.9,https://theopenmodel.com/match/juventus-vs-torino-2027-01-06/
2027-01-06T17:30:00+00:00,serie-a,"Regular Season - 18","Atalanta","Como",0.4198,0.2821,0.2981,1.52,1.26,https://theopenmodel.com/match/atalanta-vs-como-2027-01-06/
2027-01-06T17:30:00+00:00,serie-a,"Regular Season - 18","Frosinone","Bologna",0.2623,0.2773,0.4605,1.17,1.61,https://theopenmodel.com/match/frosinone-vs-bologna-2027-01-06/
2027-01-06T17:30:00+00:00,serie-a,"Regular Season - 18","Venezia","Roma",0.2056,0.2641,0.5304,1.03,1.76,https://theopenmodel.com/match/venezia-vs-roma-2027-01-06/
2027-01-06T17:30:00+00:00,serie-a,"Regular Season - 18","Lecce","Parma",0.3907,0.2841,0.3252,1.46,1.32,https://theopenmodel.com/match/lecce-vs-parma-2027-01-06/
2027-01-06T20:00:00+00:00,premier-league,"Regular Season - 20","Man United","Newcastle",0.4759,0.2749,0.2492,1.64,1.14,https://theopenmodel.com/match/man-united-vs-newcastle-2027-01-06/
2027-01-06T20:00:00+00:00,premier-league,"Regular Season - 20","Fulham","Tottenham",0.4703,0.2758,0.2539,1.63,1.15,https://theopenmodel.com/match/fulham-vs-tottenham-2027-01-06/
2027-01-06T20:00:00+00:00,premier-league,"Regular Season - 20","Arsenal","Brentford",0.6727,0.2189,0.1084,2.06,0.72,https://theopenmodel.com/match/arsenal-vs-brentford-2027-01-06/
2027-01-06T20:00:00+00:00,premier-league,"Regular Season - 20","Everton","Aston Villa",0.2949,0.2817,0.4233,1.25,1.53,https://theopenmodel.com/match/everton-vs-aston-villa-2027-01-06/
2027-01-06T20:00:00+00:00,premier-league,"Regular Season - 20","Brighton","Bournemouth",0.379,0.2846,0.3364,1.44,1.34,https://theopenmodel.com/match/brighton-vs-bournemouth-2027-01-06/
2027-01-06T20:00:00+00:00,premier-league,"Regular Season - 20","Crystal Palace","Chelsea",0.3681,0.2849,0.3471,1.41,1.37,https://theopenmodel.com/match/crystal-palace-vs-chelsea-2027-01-06/
2027-01-06T20:00:00+00:00,premier-league,"Regular Season - 20","Ipswich","Coventry",0.4041,0.2833,0.3125,1.49,1.29,https://theopenmodel.com/match/ipswich-vs-coventry-2027-01-06/
2027-01-06T20:00:00+00:00,premier-league,"Regular Season - 20","Leeds","Man City",0.2378,0.2725,0.4898,1.11,1.67,https://theopenmodel.com/match/leeds-vs-man-city-2027-01-06/
2027-01-06T20:00:00+00:00,premier-league,"Regular Season - 20","Forest","Hull",0.7097,0.2032,0.0871,2.14,0.64,https://theopenmodel.com/match/forest-vs-hull-2027-01-06/
2027-01-06T20:00:00+00:00,premier-league,"Regular Season - 20","Sunderland","Liverpool",0.2139,0.2665,0.5196,1.05,1.73,https://theopenmodel.com/match/sunderland-vs-liverpool-2027-01-06/
2027-01-09T14:30:00+00:00,bundesliga,"Regular Season - 15","Werder","Union Berlin",0.3983,0.2837,0.318,1.48,1.3,https://theopenmodel.com/match/werder-vs-union-berlin-2027-01-09/
2027-01-09T14:30:00+00:00,bundesliga,"Regular Season - 15","Gladbach","Bayern",0.0802,0.1974,0.7224,0.61,2.17,https://theopenmodel.com/match/gladbach-vs-bayern-2027-01-09/
2027-01-09T14:30:00+00:00,bundesliga,"Regular Season - 15","Dortmund","Mainz",0.6089,0.2421,0.149,1.92,0.86,https://theopenmodel.com/match/dortmund-vs-mainz-2027-01-09/
2027-01-09T14:30:00+00:00,bundesliga,"Regular Season - 15","Hoffenheim","Elversberg",0.6255,0.2366,0.138,1.96,0.83,https://theopenmodel.com/match/hoffenheim-vs-elversberg-2027-01-09/
2027-01-09T14:30:00+00:00,bundesliga,"Regular Season - 15","Frankfurt","Schalke",0.5866,0.2491,0.1643,1.87,0.91,https://theopenmodel.com/match/frankfurt-vs-schalke-2027-01-09/
2027-01-09T14:30:00+00:00,bundesliga,"Regular Season - 15","Stuttgart","Augsburg",0.5666,0.2548,0.1785,1.83,0.95,https://theopenmodel.com/match/stuttgart-vs-augsburg-2027-01-09/
2027-01-09T14:30:00+00:00,bundesliga,"Regular Season - 15","Hamburg","Leverkusen",0.199,0.262,0.539,1.01,1.77,https://theopenmodel.com/match/hamburg-vs-leverkusen-2027-01-09/
2027-01-09T14:30:00+00:00,bundesliga,"Regular Season - 15","Paderborn","RB Leipzig",0.1686,0.2509,0.5805,0.92,1.86,https://theopenmodel.com/match/paderborn-vs-rb-leipzig-2027-01-09/
2027-01-09T14:30:00+00:00,bundesliga,"Regular Season - 15","Koeln","Freiburg",0.242,0.2734,0.4846,1.12,1.66,https://theopenmodel.com/match/koeln-vs-freiburg-2027-01-09/
2027-01-10T16:00:00+00:00,la-liga,"Regular Season - 19","Atletico","Santander",0.705,0.2053,0.0897,2.13,0.65,https://theopenmodel.com/match/atletico-vs-santander-2027-01-10/
2027-01-10T16:00:00+00:00,la-liga,"Regular Season - 19","Bilbao","Villarreal",0.3031,0.2825,0.4144,1.27,1.51,https://theopenmodel.com/match/bilbao-vs-villarreal-2027-01-10/
2027-01-10T16:00:00+00:00,la-liga,"Regular Season - 19","Valencia","Malaga",0.5709,0.2536,0.1754,1.84,0.94,https://theopenmodel.com/match/valencia-vs-malaga-2027-01-10/
2027-01-10T16:00:00+00:00,la-liga,"Regular Season - 19","Sevilla","Celta",0.3597,0.2849,0.3553,1.4,1.39,https://theopenmodel.com/match/sevilla-vs-celta-2027-01-10/
2027-01-10T16:00:00+00:00,la-liga,"Regular Season - 19","Espanyol","Betis",0.2863,0.2808,0.4329,1.23,1.55,https://theopenmodel.com/match/espanyol-vs-betis-2027-01-10/
2027-01-10T16:00:00+00:00,la-liga,"Regular Season - 19","Real Madrid","Levante",0.7655,0.1762,0.0583,2.27,0.51,https://theopenmodel.com/match/real-madrid-vs-levante-2027-01-10/
2027-01-10T16:00:00+00:00,la-liga,"Regular Season - 19","Alaves","Sociedad",0.4027,0.2834,0.3138,1.49,1.29,https://theopenmodel.com/match/alaves-vs-sociedad-2027-01-10/
2027-01-10T16:00:00+00:00,la-liga,"Regular Season - 19","Depor","Rayo Vallecano",0.2516,0.2753,0.4731,1.14,1.64,https://theopenmodel.com/match/depor-vs-rayo-vallecano-2027-01-10/
2027-01-10T16:00:00+00:00,la-liga,"Regular Season - 19","Osasuna","Barcelona",0.1182,0.2252,0.6566,0.76,2.02,https://theopenmodel.com/match/osasuna-vs-barcelona-2027-01-10/
2027-01-10T16:00:00+00:00,la-liga,"Regular Season - 19","Elche","Getafe",0.3844,0.2844,0.3312,1.45,1.33,https://theopenmodel.com/match/elche-vs-getafe-2027-01-10/
2027-01-10T17:30:00+00:00,serie-a,"Regular Season - 19","Cagliari","Sassuolo",0.3956,0.2839,0.3205,1.47,1.31,https://theopenmodel.com/match/cagliari-vs-sassuolo-2027-01-10/
2027-01-10T17:30:00+00:00,serie-a,"Regular Season - 19","Udinese","Napoli",0.2548,0.276,0.4692,1.15,1.63,https://theopenmodel.com/match/udinese-vs-napoli-2027-01-10/
2027-01-10T17:30:00+00:00,serie-a,"Regular Season - 19","Roma","Milan",0.4657,0.2765,0.2578,1.62,1.16,https://theopenmodel.com/match/roma-vs-milan-2027-01-10/
2027-01-10T17:30:00+00:00,serie-a,"Regular Season - 19","Bologna","Genoa",0.5265,0.2649,0.2086,1.75,1.03,https://theopenmodel.com/match/bologna-vs-genoa-2027-01-10/
2027-01-10T17:30:00+00:00,serie-a,"Regular Season - 19","Fiorentina","Lecce",0.5364,0.2626,0.201,1.77,1.01,https://theopenmodel.com/match/fiorentina-vs-lecce-2027-01-10/
2027-01-10T17:30:00+00:00,serie-a,"Regular Season - 19","Torino","Atalanta",0.2594,0.2768,0.4638,1.16,1.62,https://theopenmodel.com/match/torino-vs-atalanta-2027-01-10/
2027-01-10T17:30:00+00:00,serie-a,"Regular Season - 19","Inter","Juventus",0.5569,0.2575,0.1856,1.81,0.97,https://theopenmodel.com/match/inter-vs-juventus-2027-01-10/
2027-01-10T17:30:00+00:00,serie-a,"Regular Season - 19","Parma","Venezia",0.4012,0.2835,0.3153,1.49,1.3,https://theopenmodel.com/match/parma-vs-venezia-2027-01-10/
2027-01-10T17:30:00+00:00,serie-a,"Regular Season - 19","Como","Lazio",0.48,0.2742,0.2458,1.65,1.13,https://theopenmodel.com/match/como-vs-lazio-2027-01-10/
2027-01-10T17:30:00+00:00,serie-a,"Regular Season - 19","Monza","Frosinone",0.3863,0.2843,0.3294,1.45,1.33,https://theopenmodel.com/match/monza-vs-frosinone-2027-01-10/
2027-01-13T19:30:00+00:00,bundesliga,"Regular Season - 16","Bayern","Leverkusen",0.6486,0.2283,0.1231,2,0.78,https://theopenmodel.com/match/bayern-vs-leverkusen-2027-01-13/
2027-01-13T19:30:00+00:00,bundesliga,"Regular Season - 16","Freiburg","Hamburg",0.5611,0.2563,0.1825,1.82,0.96,https://theopenmodel.com/match/freiburg-vs-hamburg-2027-01-13/
2027-01-13T19:30:00+00:00,bundesliga,"Regular Season - 16","Mainz","Hoffenheim",0.3807,0.2845,0.3347,1.44,1.34,https://theopenmodel.com/match/mainz-vs-hoffenheim-2027-01-13/
2027-01-13T19:30:00+00:00,bundesliga,"Regular Season - 16","Augsburg","Gladbach",0.4088,0.283,0.3082,1.5,1.28,https://theopenmodel.com/match/augsburg-vs-gladbach-2027-01-13/
2027-01-13T19:30:00+00:00,bundesliga,"Regular Season - 16","RB Leipzig","Stuttgart",0.4118,0.2828,0.3055,1.51,1.27,https://theopenmodel.com/match/rb-leipzig-vs-stuttgart-2027-01-13/
2027-01-13T19:30:00+00:00,bundesliga,"Regular Season - 16","Schalke","Werder",0.3156,0.2835,0.4009,1.3,1.48,https://theopenmodel.com/match/schalke-vs-werder-2027-01-13/
2027-01-13T19:30:00+00:00,bundesliga,"Regular Season - 16","Union Berlin","Paderborn",0.5265,0.2649,0.2086,1.75,1.03,https://theopenmodel.com/match/union-berlin-vs-paderborn-2027-01-13/
2027-01-13T19:30:00+00:00,bundesliga,"Regular Season - 16","Koeln","Dortmund",0.1441,0.2397,0.6162,0.85,1.94,https://theopenmodel.com/match/koeln-vs-dortmund-2027-01-13/
2027-01-13T19:30:00+00:00,bundesliga,"Regular Season - 16","Elversberg","Frankfurt",0.2584,0.2766,0.465,1.16,1.62,https://theopenmodel.com/match/elversberg-vs-frankfurt-2027-01-13/
2027-01-16T14:30:00+00:00,bundesliga,"Regular Season - 17","Werder","Elversberg",0.5128,0.268,0.2193,1.72,1.06,https://theopenmodel.com/match/werder-vs-elversberg-2027-01-16/
2027-01-16T14:30:00+00:00,bundesliga,"Regular Season - 17","Gladbach","Union Berlin",0.4393,0.28,0.2806,1.57,1.22,https://theopenmodel.com/match/gladbach-vs-union-berlin-2027-01-16/
2027-01-16T14:30:00+00:00,bundesliga,"Regular Season - 17","Dortmund","Freiburg",0.5456,0.2604,0.194,1.79,0.99,https://theopenmodel.com/match/dortmund-vs-freiburg-2027-01-16/
2027-01-16T14:30:00+00:00,bundesliga,"Regular Season - 17","Hoffenheim","RB Leipzig",0.3431,0.2848,0.3721,1.36,1.42,https://theopenmodel.com/match/hoffenheim-vs-rb-leipzig-2027-01-16/
2027-01-16T14:30:00+00:00,bundesliga,"Regular Season - 17","Leverkusen","Schalke",0.7456,0.1863,0.0681,2.22,0.56,https://theopenmodel.com/match/leverkusen-vs-schalke-2027-01-16/
2027-01-16T14:30:00+00:00,bundesliga,"Regular Season - 17","Frankfurt","Bayern",0.0941,0.2087,0.6971,0.67,2.11,https://theopenmodel.com/match/frankfurt-vs-bayern-2027-01-16/
2027-01-16T14:30:00+00:00,bundesliga,"Regular Season - 17","Stuttgart","Mainz",0.524,0.2655,0.2105,1.74,1.04,https://theopenmodel.com/match/stuttgart-vs-mainz-2027-01-16/
2027-01-16T14:30:00+00:00,bundesliga,"Regular Season - 17","Hamburg","Augsburg",0.3741,0.2847,0.3412,1.43,1.35,https://theopenmodel.com/match/hamburg-vs-augsburg-2027-01-16/
2027-01-16T14:30:00+00:00,bundesliga,"Regular Season - 17","Paderborn","Koeln",0.3643,0.2849,0.3508,1.41,1.38,https://theopenmodel.com/match/paderborn-vs-koeln-2027-01-16/
2027-01-16T15:00:00+00:00,premier-league,"Regular Season - 21","Newcastle","Fulham",0.4429,0.2796,0.2775,1.57,1.21,https://theopenmodel.com/match/newcastle-vs-fulham-2027-01-16/
2027-01-16T15:00:00+00:00,premier-league,"Regular Season - 21","Bournemouth","Ipswich",0.6763,0.2175,0.1062,2.07,0.72,https://theopenmodel.com/match/bournemouth-vs-ipswich-2027-01-16/
2027-01-16T15:00:00+00:00,premier-league,"Regular Season - 21","Liverpool","Crystal Palace",0.5568,0.2575,0.1857,1.81,0.97,https://theopenmodel.com/match/liverpool-vs-crystal-palace-2027-01-16/
2027-01-16T15:00:00+00:00,premier-league,"Regular Season - 21","Tottenham","Leeds",0.3628,0.2849,0.3522,1.4,1.38,https://theopenmodel.com/match/tottenham-vs-leeds-2027-01-16/
2027-01-16T15:00:00+00:00,premier-league,"Regular Season - 21","Chelsea","Sunderland",0.5411,0.2615,0.1974,1.78,1,https://theopenmodel.com/match/chelsea-vs-sunderland-2027-01-16/
2027-01-16T15:00:00+00:00,premier-league,"Regular Season - 21","Man City","Forest",0.6069,0.2428,0.1503,1.92,0.87,https://theopenmodel.com/match/man-city-vs-forest-2027-01-16/
2027-01-16T15:00:00+00:00,premier-league,"Regular Season - 21","Brentford","Brighton",0.4212,0.2819,0.2969,1.53,1.25,https://theopenmodel.com/match/brentford-vs-brighton-2027-01-16/
2027-01-16T15:00:00+00:00,premier-league,"Regular Season - 21","Hull","Arsenal",0.0231,0.1242,0.8527,0.3,2.54,https://theopenmodel.com/match/hull-vs-arsenal-2027-01-16/
2027-01-16T15:00:00+00:00,premier-league,"Regular Season - 21","Aston Villa","Man United",0.4514,0.2785,0.2701,1.59,1.19,https://theopenmodel.com/match/aston-villa-vs-man-united-2027-01-16/
2027-01-16T15:00:00+00:00,premier-league,"Regular Season - 21","Coventry","Everton",0.2424,0.2735,0.4841,1.12,1.66,https://theopenmodel.com/match/coventry-vs-everton-2027-01-16/
2027-01-16T16:00:00+00:00,ligue-1,"Regular Season - 16","Angers","Paris SG",0.0491,0.1657,0.7853,0.46,2.32,https://theopenmodel.com/match/angers-vs-paris-sg-2027-01-16/
2027-01-16T16:00:00+00:00,ligue-1,"Regular Season - 16","Lyon","Lorient",0.5418,0.2613,0.1969,1.78,1,https://theopenmodel.com/match/lyon-vs-lorient-2027-01-16/
2027-01-16T16:00:00+00:00,ligue-1,"Regular Season - 16","Marseille","Lille",0.3999,0.2836,0.3165,1.48,1.3,https://theopenmodel.com/match/marseille-vs-lille-2027-01-16/
2027-01-16T16:00:00+00:00,ligue-1,"Regular Season - 16","Nice","Le Havre",0.4165,0.2824,0.3012,1.52,1.26,https://theopenmodel.com/match/nice-vs-le-havre-2027-01-16/
2027-01-16T16:00:00+00:00,ligue-1,"Regular Season - 16","Monaco","Brest",0.5319,0.2637,0.2044,1.76,1.02,https://theopenmodel.com/match/monaco-vs-brest-2027-01-16/
2027-01-16T16:00:00+00:00,ligue-1,"Regular Season - 16","Rennes","Lens",0.3459,0.2848,0.3692,1.36,1.42,https://theopenmodel.com/match/rennes-vs-lens-2027-01-16/
2027-01-16T16:00:00+00:00,ligue-1,"Regular Season - 16","Strasbourg","Le Mans",0.6541,0.2262,0.1197,2.02,0.76,https://theopenmodel.com/match/strasbourg-vs-le-mans-2027-01-16/
2027-01-16T16:00:00+00:00,ligue-1,"Regular Season - 16","Auxerre","Troyes",0.5261,0.265,0.2088,1.75,1.03,https://theopenmodel.com/match/auxerre-vs-troyes-2027-01-16/
2027-01-16T16:00:00+00:00,ligue-1,"Regular Season - 16","Paris FC","Toulouse",0.4025,0.2834,0.3141,1.49,1.29,https://theopenmodel.com/match/paris-fc-vs-toulouse-2027-01-16/
2027-01-17T16:00:00+00:00,la-liga,"Regular Season - 20","Barcelona","Elche",0.7908,0.1626,0.0466,2.33,0.45,https://theopenmodel.com/match/barcelona-vs-elche-2027-01-17/
2027-01-17T16:00:00+00:00,la-liga,"Regular Season - 20","Atletico","Sociedad",0.6153,0.24,0.1447,1.93,0.85,https://theopenmodel.com/match/atletico-vs-sociedad-2027-01-17/
2027-01-17T16:00:00+00:00,la-liga,"Regular Season - 20","Villarreal","Alaves",0.5366,0.2626,0.2008,1.77,1.01,https://theopenmodel.com/match/villarreal-vs-alaves-2027-01-17/
2027-01-17T16:00:00+00:00,la-liga,"Regular Season - 20","Malaga","Real Madrid",0.0786,0.1961,0.7253,0.61,2.18,https://theopenmodel.com/match/malaga-vs-real-madrid-2027-01-17/
2027-01-17T16:00:00+00:00,la-liga,"Regular Season - 20","Celta","Valencia",0.4223,0.2818,0.2959,1.53,1.25,https://theopenmodel.com/match/celta-vs-valencia-2027-01-17/
2027-01-17T16:00:00+00:00,la-liga,"Regular Season - 20","Levante","Espanyol",0.3956,0.2839,0.3205,1.47,1.31,https://theopenmodel.com/match/levante-vs-espanyol-2027-01-17/
2027-01-17T16:00:00+00:00,la-liga,"Regular Season - 20","Betis","Depor",0.6598,0.224,0.1162,2.03,0.75,https://theopenmodel.com/match/betis-vs-depor-2027-01-17/
2027-01-17T16:00:00+00:00,la-liga,"Regular Season - 20","Getafe","Bilbao",0.4023,0.2834,0.3143,1.49,1.29,https://theopenmodel.com/match/getafe-vs-bilbao-2027-01-17/
2027-01-17T16:00:00+00:00,la-liga,"Regular Season - 20","Rayo Vallecano","Sevilla",0.459,0.2775,0.2635,1.61,1.17,https://theopenmodel.com/match/rayo-vallecano-vs-sevilla-2027-01-17/
2027-01-17T16:00:00+00:00,la-liga,"Regular Season - 20","Santander","Osasuna",0.3388,0.2847,0.3765,1.35,1.43,https://theopenmodel.com/match/santander-vs-osasuna-2027-01-17/
2027-01-17T17:30:00+00:00,serie-a,"Regular Season - 20","Lazio","Bologna",0.4162,0.2824,0.3014,1.52,1.26,https://theopenmodel.com/match/lazio-vs-bologna-2027-01-17/
2027-01-17T17:30:00+00:00,serie-a,"Regular Season - 20","Sassuolo","Monza",0.5108,0.2684,0.2208,1.72,1.07,https://theopenmodel.com/match/sassuolo-vs-monza-2027-01-17/
2027-01-17T17:30:00+00:00,serie-a,"Regular Season - 20","Milan","Torino",0.5648,0.2553,0.1798,1.83,0.95,https://theopenmodel.com/match/milan-vs-torino-2027-01-17/
2027-01-17T17:30:00+00:00,serie-a,"Regular Season - 20","Cagliari","Como",0.2464,0.2743,0.4793,1.13,1.65,https://theopenmodel.com/match/cagliari-vs-como-2027-01-17/
2027-01-17T17:30:00+00:00,serie-a,"Regular Season - 20","Napoli","Fiorentina",0.559,0.2569,0.1841,1.82,0.97,https://theopenmodel.com/match/napoli-vs-fiorentina-2027-01-17/
2027-01-17T17:30:00+00:00,serie-a,"Regular Season - 20","Juventus","Genoa",0.6114,0.2413,0.1473,1.93,0.86,https://theopenmodel.com/match/juventus-vs-genoa-2027-01-17/
2027-01-17T17:30:00+00:00,serie-a,"Regular Season - 20","Atalanta","Roma",0.379,0.2846,0.3364,1.44,1.34,https://theopenmodel.com/match/atalanta-vs-roma-2027-01-17/
2027-01-17T17:30:00+00:00,serie-a,"Regular Season - 20","Venezia","Frosinone",0.4545,0.2781,0.2674,1.6,1.18,https://theopenmodel.com/match/venezia-vs-frosinone-2027-01-17/
2027-01-17T17:30:00+00:00,serie-a,"Regular Season - 20","Parma","Inter",0.1165,0.2242,0.6593,0.75,2.03,https://theopenmodel.com/match/parma-vs-inter-2027-01-17/
2027-01-17T17:30:00+00:00,serie-a,"Regular Season - 20","Lecce","Udinese",0.3233,0.284,0.3927,1.31,1.47,https://theopenmodel.com/match/lecce-vs-udinese-2027-01-17/
2027-01-23T14:30:00+00:00,bundesliga,"Regular Season - 18","Werder","Freiburg",0.2806,0.28,0.4393,1.22,1.57,https://theopenmodel.com/match/werder-vs-freiburg-2027-01-23/
2027-01-23T14:30:00+00:00,bundesliga,"Regular Season - 18","Gladbach","RB Leipzig",0.2783,0.2797,0.442,1.21,1.57,https://theopenmodel.com/match/gladbach-vs-rb-leipzig-2027-01-23/
2027-01-23T14:30:00+00:00,bundesliga,"Regular Season - 18","Hoffenheim","Koeln",0.5724,0.2532,0.1744,1.84,0.94,https://theopenmodel.com/match/hoffenheim-vs-koeln-2027-01-23/
2027-01-23T14:30:00+00:00,bundesliga,"Regular Season - 18","Leverkusen","Elversberg",0.7417,0.1882,0.0701,2.21,0.57,https://theopenmodel.com/match/leverkusen-vs-elversberg-2027-01-23/
2027-01-23T14:30:00+00:00,bundesliga,"Regular Season - 18","Frankfurt","Union Berlin",0.4668,0.2763,0.2569,1.62,1.16,https://theopenmodel.com/match/frankfurt-vs-union-berlin-2027-01-23/
2027-01-23T14:30:00+00:00,bundesliga,"Regular Season - 18","Stuttgart","Bayern",0.1681,0.2507,0.5812,0.92,1.86,https://theopenmodel.com/match/stuttgart-vs-bayern-2027-01-23/
2027-01-23T14:30:00+00:00,bundesliga,"Regular Season - 18","Schalke","Augsburg",0.2829,0.2803,0.4367,1.22,1.56,https://theopenmodel.com/match/schalke-vs-augsburg-2027-01-23/
2027-01-23T14:30:00+00:00,bundesliga,"Regular Season - 18","Hamburg","Dortmund",0.1718,0.2522,0.576,0.93,1.85,https://theopenmodel.com/match/hamburg-vs-dortmund-2027-01-23/
2027-01-23T14:30:00+00:00,bundesliga,"Regular Season - 18","Paderborn","Mainz",0.2522,0.2755,0.4723,1.15,1.64,https://theopenmodel.com/match/paderborn-vs-mainz-2027-01-23/
2027-01-23T15:00:00+00:00,premier-league,"Regular Season - 22","Man United","Liverpool",0.3891,0.2842,0.3267,1.46,1.32,https://theopenmodel.com/match/man-united-vs-liverpool-2027-01-23/
2027-01-23T15:00:00+00:00,premier-league,"Regular Season - 22","Fulham","Aston Villa",0.2923,0.2815,0.4263,1.24,1.54,https://theopenmodel.com/match/fulham-vs-aston-villa-2027-01-23/
2027-01-23T15:00:00+00:00,premier-league,"Regular Season - 22","Arsenal","Newcastle",0.6847,0.214,0.1013,2.08,0.7,https://theopenmodel.com/match/arsenal-vs-newcastle-2027-01-23/
2027-01-23T15:00:00+00:00,premier-league,"Regular Season - 22","Everton","Brentford",0.3761,0.2847,0.3392,1.43,1.35,https://theopenmodel.com/match/everton-vs-brentford-2027-01-23/
2027-01-23T15:00:00+00:00,premier-league,"Regular Season - 22","Brighton","Man City",0.2702,0.2785,0.4513,1.19,1.59,https://theopenmodel.com/match/brighton-vs-man-city-2027-01-23/
2027-01-23T15:00:00+00:00,premier-league,"Regular Season - 22","Crystal Palace","Tottenham",0.4446,0.2794,0.276,1.58,1.2,https://theopenmodel.com/match/crystal-palace-vs-tottenham-2027-01-23/
2027-01-23T15:00:00+00:00,premier-league,"Regular Season - 22","Ipswich","Hull",0.5243,0.2654,0.2102,1.74,1.04,https://theopenmodel.com/match/ipswich-vs-hull-2027-01-23/
2027-01-23T15:00:00+00:00,premier-league,"Regular Season - 22","Leeds","Chelsea",0.3892,0.2842,0.3266,1.46,1.32,https://theopenmodel.com/match/leeds-vs-chelsea-2027-01-23/
2027-01-23T15:00:00+00:00,premier-league,"Regular Season - 22","Forest","Bournemouth",0.3422,0.2848,0.373,1.36,1.42,https://theopenmodel.com/match/forest-vs-bournemouth-2027-01-23/
2027-01-23T15:00:00+00:00,premier-league,"Regular Season - 22","Sunderland","Coventry",0.4924,0.272,0.2356,1.68,1.1,https://theopenmodel.com/match/sunderland-vs-coventry-2027-01-23/
2027-01-23T16:00:00+00:00,ligue-1,"Regular Season - 17","Lille","Paris FC",0.5525,0.2586,0.1889,1.8,0.98,https://theopenmodel.com/match/lille-vs-paris-fc-2027-01-23/
2027-01-23T16:00:00+00:00,ligue-1,"Regular Season - 17","Paris SG","Auxerre",0.8135,0.1496,0.0369,2.39,0.39,https://theopenmodel.com/match/paris-sg-vs-auxerre-2027-01-23/
2027-01-23T16:00:00+00:00,ligue-1,"Regular Season - 17","Strasbourg","Lyon",0.3559,0.2849,0.3592,1.39,1.39,https://theopenmodel.com/match/strasbourg-vs-lyon-2027-01-23/
2027-01-23T16:00:00+00:00,ligue-1,"Regular Season - 17","Toulouse","Nice",0.4804,0.2741,0.2455,1.65,1.13,https://theopenmodel.com/match/toulouse-vs-nice-2027-01-23/
2027-01-23T16:00:00+00:00,ligue-1,"Regular Season - 17","Lorient","Marseille",0.3089,0.283,0.408,1.28,1.5,https://theopenmodel.com/match/lorient-vs-marseille-2027-01-23/
2027-01-23T16:00:00+00:00,ligue-1,"Regular Season - 17","Troyes","Monaco",0.2051,0.2639,0.531,1.02,1.76,https://theopenmodel.com/match/troyes-vs-monaco-2027-01-23/
2027-01-23T16:00:00+00:00,ligue-1,"Regular Season - 17","Le Havre","Rennes",0.2629,0.2774,0.4598,1.17,1.61,https://theopenmodel.com/match/le-havre-vs-rennes-2027-01-23/
2027-01-23T16:00:00+00:00,ligue-1,"Regular Season - 17","Lens","Brest",0.6008,0.2447,0.1544,1.9,0.88,https://theopenmodel.com/match/lens-vs-brest-2027-01-23/
2027-01-23T16:00:00+00:00,ligue-1,"Regular Season - 17","Le Mans","Angers",0.3524,0.2849,0.3627,1.38,1.4,https://theopenmodel.com/match/le-mans-vs-angers-2027-01-23/
2027-01-24T16:00:00+00:00,la-liga,"Regular Season - 21","Bilbao","Levante",0.4548,0.2781,0.2671,1.6,1.18,https://theopenmodel.com/match/bilbao-vs-levante-2027-01-24/
2027-01-24T16:00:00+00:00,la-liga,"Regular Season - 21","Valencia","Sevilla",0.4613,0.2771,0.2615,1.61,1.17,https://theopenmodel.com/match/valencia-vs-sevilla-2027-01-24/
2027-01-24T16:00:00+00:00,la-liga,"Regular Season - 21","Espanyol","Villarreal",0.2831,0.2804,0.4365,1.22,1.56,https://theopenmodel.com/match/espanyol-vs-villarreal-2027-01-24/
2027-01-24T16:00:00+00:00,la-liga,"Regular Season - 21","Real Madrid","Betis",0.6222,0.2377,0.1401,1.95,0.83,https://theopenmodel.com/match/real-madrid-vs-betis-2027-01-24/
2027-01-24T16:00:00+00:00,la-liga,"Regular Season - 21","Alaves","Barcelona",0.1207,0.2268,0.6526,0.77,2.01,https://theopenmodel.com/match/alaves-vs-barcelona-2027-01-24/
2027-01-24T16:00:00+00:00,la-liga,"Regular Season - 21","Depor","Atletico",0.13,0.2322,0.6378,0.8,1.98,https://theopenmodel.com/match/depor-vs-atletico-2027-01-24/
2027-01-24T16:00:00+00:00,la-liga,"Regular Season - 21","Getafe","Osasuna",0.4118,0.2828,0.3055,1.51,1.27,https://theopenmodel.com/match/getafe-vs-osasuna-2027-01-24/
2027-01-24T16:00:00+00:00,la-liga,"Regular Season - 21","Sociedad","Malaga",0.5323,0.2636,0.2041,1.76,1.02,https://theopenmodel.com/match/sociedad-vs-malaga-2027-01-24/
2027-01-24T16:00:00+00:00,la-liga,"Regular Season - 21","Elche","Rayo Vallecano",0.3329,0.2845,0.3826,1.34,1.45,https://theopenmodel.com/match/elche-vs-rayo-vallecano-2027-01-24/
2027-01-24T16:00:00+00:00,la-liga,"Regular Season - 21","Santander","Celta",0.282,0.2802,0.4378,1.22,1.56,https://theopenmodel.com/match/santander-vs-celta-2027-01-24/
2027-01-24T17:30:00+00:00,serie-a,"Regular Season - 21","Genoa","Parma",0.437,0.2803,0.2827,1.56,1.22,https://theopenmodel.com/match/genoa-vs-parma-2027-01-24/
2027-01-24T17:30:00+00:00,serie-a,"Regular Season - 21","Juventus","Cagliari",0.6125,0.2409,0.1465,1.93,0.85,https://theopenmodel.com/match/juventus-vs-cagliari-2027-01-24/
2027-01-24T17:30:00+00:00,serie-a,"Regular Season - 21","Roma","Udinese",0.5891,0.2484,0.1626,1.88,0.9,https://theopenmodel.com/match/roma-vs-udinese-2027-01-24/
2027-01-24T17:30:00+00:00,serie-a,"Regular Season - 21","Bologna","Atalanta",0.3423,0.2848,0.3729,1.36,1.42,https://theopenmodel.com/match/bologna-vs-atalanta-2027-01-24/
2027-01-24T17:30:00+00:00,serie-a,"Regular Season - 21","Fiorentina","Sassuolo",0.4714,0.2756,0.253,1.63,1.15,https://theopenmodel.com/match/fiorentina-vs-sassuolo-2027-01-24/
2027-01-24T17:30:00+00:00,serie-a,"Regular Season - 21","Inter","Venezia",0.7545,0.1818,0.0636,2.24,0.54,https://theopenmodel.com/match/inter-vs-venezia-2027-01-24/
2027-01-24T17:30:00+00:00,serie-a,"Regular Season - 21","Frosinone","Milan",0.2144,0.2666,0.519,1.05,1.73,https://theopenmodel.com/match/frosinone-vs-milan-2027-01-24/
2027-01-24T17:30:00+00:00,serie-a,"Regular Season - 21","Lecce","Torino",0.3492,0.2849,0.3659,1.37,1.41,https://theopenmodel.com/match/lecce-vs-torino-2027-01-24/
2027-01-24T17:30:00+00:00,serie-a,"Regular Season - 21","Como","Napoli",0.376,0.2847,0.3393,1.43,1.35,https://theopenmodel.com/match/como-vs-napoli-2027-01-24/
2027-01-24T17:30:00+00:00,serie-a,"Regular Season - 21","Monza","Lazio",0.2366,0.2722,0.4912,1.11,1.67,https://theopenmodel.com/match/monza-vs-lazio-2027-01-24/
2027-01-30T14:30:00+00:00,bundesliga,"Regular Season - 19","Bayern","Schalke",0.872,0.1085,0.0196,2.72,0.3,https://theopenmodel.com/match/bayern-vs-schalke-2027-01-30/
2027-01-30T14:30:00+00:00,bundesliga,"Regular Season - 19","Freiburg","Paderborn",0.6516,0.2271,0.1212,2.01,0.77,https://theopenmodel.com/match/freiburg-vs-paderborn-2027-01-30/
2027-01-30T14:30:00+00:00,bundesliga,"Regular Season - 19","Mainz","Hamburg",0.4973,0.2711,0.2316,1.69,1.09,https://theopenmodel.com/match/mainz-vs-hamburg-2027-01-30/
2027-01-30T14:30:00+00:00,bundesliga,"Regular Season - 19","Dortmund","Hoffenheim",0.575,0.2525,0.1725,1.85,0.93,https://theopenmodel.com/match/dortmund-vs-hoffenheim-2027-01-30/
2027-01-30T14:30:00+00:00,bundesliga,"Regular Season - 19","Augsburg","Frankfurt",0.382,0.2845,0.3335,1.44,1.34,https://theopenmodel.com/match/augsburg-vs-frankfurt-2027-01-30/
2027-01-30T14:30:00+00:00,bundesliga,"Regular Season - 19","RB Leipzig","Werder",0.6006,0.2448,0.1546,1.9,0.88,https://theopenmodel.com/match/rb-leipzig-vs-werder-2027-01-30/
2027-01-30T14:30:00+00:00,bundesliga,"Regular Season - 19","Union Berlin","Leverkusen",0.215,0.2668,0.5182,1.05,1.73,https://theopenmodel.com/match/union-berlin-vs-leverkusen-2027-01-30/
2027-01-30T14:30:00+00:00,bundesliga,"Regular Season - 19","Koeln","Stuttgart",0.2048,0.2638,0.5314,1.02,1.76,https://theopenmodel.com/match/koeln-vs-stuttgart-2027-01-30/
2027-01-30T14:30:00+00:00,bundesliga,"Regular Season - 19","Elversberg","Gladbach",0.2822,0.2802,0.4376,1.22,1.56,https://theopenmodel.com/match/elversberg-vs-gladbach-2027-01-30/
2027-01-30T15:00:00+00:00,premier-league,"Regular Season - 23","Newcastle","Brighton",0.4087,0.283,0.3083,1.5,1.28,https://theopenmodel.com/match/newcastle-vs-brighton-2027-01-30/
2027-01-30T15:00:00+00:00,premier-league,"Regular Season - 23","Bournemouth","Fulham",0.4842,0.2735,0.2423,1.66,1.12,https://theopenmodel.com/match/bournemouth-vs-fulham-2027-01-30/
2027-01-30T15:00:00+00:00,premier-league,"Regular Season - 23","Liverpool","Everton",0.5279,0.2646,0.2074,1.75,1.03,https://theopenmodel.com/match/liverpool-vs-everton-2027-01-30/
2027-01-30T15:00:00+00:00,premier-league,"Regular Season - 23","Tottenham","Sunderland",0.4625,0.277,0.2605,1.61,1.17,https://theopenmodel.com/match/tottenham-vs-sunderland-2027-01-30/
2027-01-30T15:00:00+00:00,premier-league,"Regular Season - 23","Chelsea","Forest",0.4393,0.28,0.2806,1.57,1.22,https://theopenmodel.com/match/chelsea-vs-forest-2027-01-30/
2027-01-30T15:00:00+00:00,premier-league,"Regular Season - 23","Man City","Arsenal",0.306,0.2828,0.4112,1.27,1.51,https://theopenmodel.com/match/man-city-vs-arsenal-2027-01-30/
2027-01-30T15:00:00+00:00,premier-league,"Regular Season - 23","Brentford","Man United",0.3659,0.2849,0.3492,1.41,1.37,https://theopenmodel.com/match/brentford-vs-man-united-2027-01-30/
2027-01-30T15:00:00+00:00,premier-league,"Regular Season - 23","Hull","Crystal Palace",0.1716,0.2522,0.5762,0.93,1.85,https://theopenmodel.com/match/hull-vs-crystal-palace-2027-01-30/
2027-01-30T15:00:00+00:00,premier-league,"Regular Season - 23","Aston Villa","Ipswich",0.7305,0.1936,0.0759,2.19,0.59,https://theopenmodel.com/match/aston-villa-vs-ipswich-2027-01-30/
2027-01-30T15:00:00+00:00,premier-league,"Regular Season - 23","Coventry","Leeds",0.2481,0.2747,0.4773,1.14,1.65,https://theopenmodel.com/match/coventry-vs-leeds-2027-01-30/
2027-01-30T16:00:00+00:00,ligue-1,"Regular Season - 18","Angers","Le Havre",0.376,0.2847,0.3393,1.43,1.35,https://theopenmodel.com/match/angers-vs-le-havre-2027-01-30/
2027-01-30T16:00:00+00:00,ligue-1,"Regular Season - 18","Lyon","Lille",0.4167,0.2823,0.3009,1.52,1.26,https://theopenmodel.com/match/lyon-vs-lille-2027-01-30/
2027-01-30T16:00:00+00:00,ligue-1,"Regular Season - 18","Marseille","Troyes",0.663,0.2228,0.1142,2.04,0.75,https://theopenmodel.com/match/marseille-vs-troyes-2027-01-30/
2027-01-30T16:00:00+00:00,ligue-1,"Regular Season - 18","Monaco","Paris SG",0.157,0.2459,0.597,0.89,1.89,https://theopenmodel.com/match/monaco-vs-paris-sg-2027-01-30/
2027-01-30T16:00:00+00:00,ligue-1,"Regular Season - 18","Rennes","Lorient",0.5058,0.2694,0.2248,1.7,1.08,https://theopenmodel.com/match/rennes-vs-lorient-2027-01-30/
2027-01-30T16:00:00+00:00,ligue-1,"Regular Season - 18","Toulouse","Lens",0.2616,0.2772,0.4612,1.17,1.61,https://theopenmodel.com/match/toulouse-vs-lens-2027-01-30/
2027-01-30T16:00:00+00:00,ligue-1,"Regular Season - 18","Brest","Strasbourg",0.3261,0.2842,0.3898,1.32,1.46,https://theopenmodel.com/match/brest-vs-strasbourg-2027-01-30/
2027-01-30T16:00:00+00:00,ligue-1,"Regular Season - 18","Paris FC","Auxerre",0.4283,0.2812,0.2904,1.54,1.24,https://theopenmodel.com/match/paris-fc-vs-auxerre-2027-01-30/
2027-01-30T16:00:00+00:00,ligue-1,"Regular Season - 18","Le Mans","Nice",0.3137,0.2834,0.4029,1.29,1.49,https://theopenmodel.com/match/le-mans-vs-nice-2027-01-30/
2027-01-31T16:00:00+00:00,la-liga,"Regular Season - 22","Barcelona","Valencia",0.7152,0.2007,0.0841,2.15,0.63,https://theopenmodel.com/match/barcelona-vs-valencia-2027-01-31/
2027-01-31T16:00:00+00:00,la-liga,"Regular Season - 22","Atletico","Espanyol",0.643,0.2303,0.1267,1.99,0.79,https://theopenmodel.com/match/atletico-vs-espanyol-2027-01-31/
2027-01-31T16:00:00+00:00,la-liga,"Regular Season - 22","Villarreal","Santander",0.6187,0.2389,0.1424,1.94,0.84,https://theopenmodel.com/match/villarreal-vs-santander-2027-01-31/
2027-01-31T16:00:00+00:00,la-liga,"Regular Season - 22","Malaga","Alaves",0.3124,0.2833,0.4043,1.29,1.49,https://theopenmodel.com/match/malaga-vs-alaves-2027-01-31/
2027-01-31T16:00:00+00:00,la-liga,"Regular Season - 22","Sevilla","Bilbao",0.411,0.2828,0.3062,1.51,1.28,https://theopenmodel.com/match/sevilla-vs-bilbao-2027-01-31/
2027-01-31T16:00:00+00:00,la-liga,"Regular Season - 22","Celta","Getafe",0.4786,0.2744,0.247,1.65,1.13,https://theopenmodel.com/match/celta-vs-getafe-2027-01-31/
2027-01-31T16:00:00+00:00,la-liga,"Regular Season - 22","Levante","Sociedad",0.3682,0.2849,0.3469,1.41,1.37,https://theopenmodel.com/match/levante-vs-sociedad-2027-01-31/
2027-01-31T16:00:00+00:00,la-liga,"Regular Season - 22","Betis","Elche",0.5699,0.2539,0.1762,1.84,0.94,https://theopenmodel.com/match/betis-vs-elche-2027-01-31/
2027-01-31T16:00:00+00:00,la-liga,"Regular Season - 22","Osasuna","Depor",0.5382,0.2622,0.1996,1.77,1.01,https://theopenmodel.com/match/osasuna-vs-depor-2027-01-31/
2027-01-31T16:00:00+00:00,la-liga,"Regular Season - 22","Rayo Vallecano","Real Madrid",0.171,0.2519,0.5772,0.93,1.85,https://theopenmodel.com/match/rayo-vallecano-vs-real-madrid-2027-01-31/
2027-01-31T17:30:00+00:00,serie-a,"Regular Season - 22","Lazio","Venezia",0.539,0.262,0.199,1.77,1.01,https://theopenmodel.com/match/lazio-vs-venezia-2027-01-31/
2027-01-31T17:30:00+00:00,serie-a,"Regular Season - 22","Sassuolo","Como",0.2623,0.2773,0.4605,1.17,1.61,https://theopenmodel.com/match/sassuolo-vs-como-2027-01-31/
2027-01-31T17:30:00+00:00,serie-a,"Regular Season - 22","Milan","Juventus",0.3879,0.2842,0.3278,1.46,1.32,https://theopenmodel.com/match/milan-vs-juventus-2027-01-31/
2027-01-31T17:30:00+00:00,serie-a,"Regular Season - 22","Cagliari","Parma",0.4358,0.2804,0.2838,1.56,1.22,https://theopenmodel.com/match/cagliari-vs-parma-2027-01-31/
2027-01-31T17:30:00+00:00,serie-a,"Regular Season - 22","Napoli","Inter",0.3003,0.2823,0.4174,1.26,1.52,https://theopenmodel.com/match/napoli-vs-inter-2027-01-31/
2027-01-31T17:30:00+00:00,serie-a,"Regular Season - 22","Udinese","Bologna",0.3516,0.2849,0.3635,1.38,1.4,https://theopenmodel.com/match/udinese-vs-bologna-2027-01-31/
2027-01-31T17:30:00+00:00,serie-a,"Regular Season - 22","Genoa","Lecce",0.4607,0.2772,0.2621,1.61,1.17,https://theopenmodel.com/match/genoa-vs-lecce-2027-01-31/
2027-01-31T17:30:00+00:00,serie-a,"Regular Season - 22","Atalanta","Fiorentina",0.5257,0.2651,0.2092,1.75,1.04,https://theopenmodel.com/match/atalanta-vs-fiorentina-2027-01-31/
2027-01-31T17:30:00+00:00,serie-a,"Regular Season - 22","Torino","Frosinone",0.4848,0.2734,0.2418,1.66,1.12,https://theopenmodel.com/match/torino-vs-frosinone-2027-01-31/
2027-01-31T17:30:00+00:00,serie-a,"Regular Season - 22","Monza","Roma",0.1553,0.2451,0.5995,0.88,1.9,https://theopenmodel.com/match/monza-vs-roma-2027-01-31/
2027-02-06T14:30:00+00:00,bundesliga,"Regular Season - 20","Bayern","Elversberg",0.871,0.1092,0.0197,2.71,0.3,https://theopenmodel.com/match/bayern-vs-elversberg-2027-02-06/
2027-02-06T14:30:00+00:00,bundesliga,"Regular Season - 20","Werder","Koeln",0.4589,0.2775,0.2636,1.61,1.17,https://theopenmodel.com/match/werder-vs-koeln-2027-02-06/
2027-02-06T14:30:00+00:00,bundesliga,"Regular Season - 20","Gladbach","Freiburg",0.318,0.2837,0.3983,1.3,1.48,https://theopenmodel.com/match/gladbach-vs-freiburg-2027-02-06/
2027-02-06T14:30:00+00:00,bundesliga,"Regular Season - 20","Leverkusen","Augsburg",0.6144,0.2403,0.1453,1.93,0.85,https://theopenmodel.com/match/leverkusen-vs-augsburg-2027-02-06/
2027-02-06T14:30:00+00:00,bundesliga,"Regular Season - 20","Frankfurt","Mainz",0.4045,0.2833,0.3122,1.49,1.29,https://theopenmodel.com/match/frankfurt-vs-mainz-2027-02-06/
2027-02-06T14:30:00+00:00,bundesliga,"Regular Season - 20","Stuttgart","Hoffenheim",0.4896,0.2725,0.2379,1.67,1.11,https://theopenmodel.com/match/stuttgart-vs-hoffenheim-2027-02-06/
2027-02-06T14:30:00+00:00,bundesliga,"Regular Season - 20","Schalke","Union Berlin",0.301,0.2824,0.4166,1.26,1.52,https://theopenmodel.com/match/schalke-vs-union-berlin-2027-02-06/
2027-02-06T14:30:00+00:00,bundesliga,"Regular Season - 20","Hamburg","RB Leipzig",0.2389,0.2727,0.4883,1.11,1.67,https://theopenmodel.com/match/hamburg-vs-rb-leipzig-2027-02-06/
2027-02-06T14:30:00+00:00,bundesliga,"Regular Season - 20","Paderborn","Dortmund",0.1125,0.2216,0.6659,0.74,2.04,https://theopenmodel.com/match/paderborn-vs-dortmund-2027-02-06/
2027-02-06T15:00:00+00:00,premier-league,"Regular Season - 24","Man United","Chelsea",0.4836,0.2736,0.2428,1.66,1.12,https://theopenmodel.com/match/man-united-vs-chelsea-2027-02-06/
2027-02-06T15:00:00+00:00,premier-league,"Regular Season - 24","Fulham","Man City",0.2409,0.2732,0.4859,1.12,1.66,https://theopenmodel.com/match/fulham-vs-man-city-2027-02-06/
2027-02-06T15:00:00+00:00,premier-league,"Regular Season - 24","Arsenal","Liverpool",0.5998,0.2451,0.1552,1.9,0.88,https://theopenmodel.com/match/arsenal-vs-liverpool-2027-02-06/
2027-02-06T15:00:00+00:00,premier-league,"Regular Season - 24","Everton","Newcastle",0.3884,0.2842,0.3274,1.46,1.32,https://theopenmodel.com/match/everton-vs-newcastle-2027-02-06/
2027-02-06T15:00:00+00:00,premier-league,"Regular Season - 24","Brighton","Hull",0.7446,0.1868,0.0686,2.22,0.56,https://theopenmodel.com/match/brighton-vs-hull-2027-02-06/
2027-02-06T15:00:00+00:00,premier-league,"Regular Season - 24","Crystal Palace","Coventry",0.5725,0.2532,0.1743,1.84,0.94,https://theopenmodel.com/match/crystal-palace-vs-coventry-2027-02-06/
2027-02-06T15:00:00+00:00,premier-league,"Regular Season - 24","Ipswich","Tottenham",0.2848,0.2806,0.4346,1.23,1.56,https://theopenmodel.com/match/ipswich-vs-tottenham-2027-02-06/
2027-02-06T15:00:00+00:00,premier-league,"Regular Season - 24","Leeds","Bournemouth",0.3424,0.2848,0.3728,1.36,1.42,https://theopenmodel.com/match/leeds-vs-bournemouth-2027-02-06/
2027-02-06T15:00:00+00:00,premier-league,"Regular Season - 24","Forest","Brentford",0.3693,0.2848,0.3458,1.42,1.36,https://theopenmodel.com/match/forest-vs-brentford-2027-02-06/
2027-02-06T15:00:00+00:00,premier-league,"Regular Season - 24","Sunderland","Aston Villa",0.2044,0.2637,0.5319,1.02,1.76,https://theopenmodel.com/match/sunderland-vs-aston-villa-2027-02-06/
2027-02-06T16:00:00+00:00,ligue-1,"Regular Season - 19","Nice","Brest",0.3712,0.2848,0.344,1.42,1.36,https://theopenmodel.com/match/nice-vs-brest-2027-02-06/
2027-02-06T16:00:00+00:00,ligue-1,"Regular Season - 19","Rennes","Lyon",0.3791,0.2846,0.3363,1.44,1.34,https://theopenmodel.com/match/rennes-vs-lyon-2027-02-06/
2027-02-06T16:00:00+00:00,ligue-1,"Regular Season - 19","Strasbourg","Paris FC",0.4948,0.2715,0.2336,1.68,1.1,https://theopenmodel.com/match/strasbourg-vs-paris-fc-2027-02-06/
2027-02-06T16:00:00+00:00,ligue-1,"Regular Season - 19","Lorient","Le Mans",0.5878,0.2488,0.1635,1.88,0.91,https://theopenmodel.com/match/lorient-vs-le-mans-2027-02-06/
2027-02-06T16:00:00+00:00,ligue-1,"Regular Season - 19","Auxerre","Monaco",0.2991,0.2822,0.4187,1.26,1.52,https://theopenmodel.com/match/auxerre-vs-monaco-2027-02-06/
2027-02-06T16:00:00+00:00,ligue-1,"Regular Season - 19","Troyes","Lille",0.1816,0.256,0.5624,0.96,1.82,https://theopenmodel.com/match/troyes-vs-lille-2027-02-06/
2027-02-06T16:00:00+00:00,ligue-1,"Regular Season - 19","Le Havre","Toulouse",0.3473,0.2849,0.3679,1.37,1.41,https://theopenmodel.com/match/le-havre-vs-toulouse-2027-02-06/
2027-02-06T16:00:00+00:00,ligue-1,"Regular Season - 19","Lens","Angers",0.6837,0.2144,0.1019,2.08,0.7,https://theopenmodel.com/match/lens-vs-angers-2027-02-06/
2027-02-07T16:00:00+00:00,la-liga,"Regular Season - 23","Barcelona","Atletico",0.5577,0.2573,0.1851,1.81,0.97,https://theopenmodel.com/match/barcelona-vs-atletico-2027-02-07/
2027-02-07T16:00:00+00:00,la-liga,"Regular Season - 23","Bilbao","Osasuna",0.4236,0.2817,0.2947,1.53,1.25,https://theopenmodel.com/match/bilbao-vs-osasuna-2027-02-07/
2027-02-07T16:00:00+00:00,la-liga,"Regular Season - 23","Valencia","Santander",0.5465,0.2602,0.1934,1.79,0.99,https://theopenmodel.com/match/valencia-vs-santander-2027-02-07/
2027-02-07T16:00:00+00:00,la-liga,"Regular Season - 23","Espanyol","Rayo Vallecano",0.3516,0.2849,0.3635,1.38,1.4,https://theopenmodel.com/match/espanyol-vs-rayo-vallecano-2027-02-07/
2027-02-07T16:00:00+00:00,la-liga,"Regular Season - 23","Alaves","Celta",0.3575,0.285,0.3576,1.39,1.39,https://theopenmodel.com/match/alaves-vs-celta-2027-02-07/
2027-02-07T16:00:00+00:00,la-liga,"Regular Season - 23","Betis","Sevilla",0.5306,0.264,0.2054,1.76,1.03,https://theopenmodel.com/match/betis-vs-sevilla-2027-02-07/
2027-02-07T16:00:00+00:00,la-liga,"Regular Season - 23","Depor","Malaga",0.3929,0.284,0.3231,1.47,1.31,https://theopenmodel.com/match/depor-vs-malaga-2027-02-07/
2027-02-07T16:00:00+00:00,la-liga,"Regular Season - 23","Getafe","Villarreal",0.2924,0.2815,0.4262,1.24,1.54,https://theopenmodel.com/match/getafe-vs-villarreal-2027-02-07/
2027-02-07T16:00:00+00:00,la-liga,"Regular Season - 23","Sociedad","Real Madrid",0.1461,0.2407,0.6131,0.85,1.93,https://theopenmodel.com/match/sociedad-vs-real-madrid-2027-02-07/
2027-02-07T16:00:00+00:00,la-liga,"Regular Season - 23","Elche","Levante",0.413,0.2827,0.3044,1.51,1.27,https://theopenmodel.com/match/elche-vs-levante-2027-02-07/
2027-02-07T17:30:00+00:00,serie-a,"Regular Season - 23","Juventus","Sassuolo",0.594,0.2469,0.1592,1.89,0.89,https://theopenmodel.com/match/juventus-vs-sassuolo-2027-02-07/
2027-02-07T17:30:00+00:00,serie-a,"Regular Season - 23","Roma","Torino",0.6165,0.2396,0.1438,1.94,0.85,https://theopenmodel.com/match/roma-vs-torino-2027-02-07/
2027-02-07T17:30:00+00:00,serie-a,"Regular Season - 23","Atalanta","Lazio",0.4859,0.2732,0.2409,1.66,1.12,https://theopenmodel.com/match/atalanta-vs-lazio-2027-02-07/
2027-02-07T17:30:00+00:00,serie-a,"Regular Season - 23","Bologna","Milan",0.3576,0.285,0.3575,1.39,1.39,https://theopenmodel.com/match/bologna-vs-milan-2027-02-07/
2027-02-07T17:30:00+00:00,serie-a,"Regular Season - 23","Fiorentina","Udinese",0.4411,0.2798,0.279,1.57,1.21,https://theopenmodel.com/match/fiorentina-vs-udinese-2027-02-07/
2027-02-07T17:30:00+00:00,serie-a,"Regular Season - 23","Inter","Cagliari",0.7467,0.1858,0.0675,2.23,0.56,https://theopenmodel.com/match/inter-vs-cagliari-2027-02-07/
2027-02-07T17:30:00+00:00,serie-a,"Regular Season - 23","Venezia","Genoa",0.404,0.2833,0.3126,1.49,1.29,https://theopenmodel.com/match/venezia-vs-genoa-2027-02-07/
2027-02-07T17:30:00+00:00,serie-a,"Regular Season - 23","Parma","Frosinone",0.4415,0.2798,0.2787,1.57,1.21,https://theopenmodel.com/match/parma-vs-frosinone-2027-02-07/
2027-02-07T17:30:00+00:00,serie-a,"Regular Season - 23","Lecce","Napoli",0.18,0.2554,0.5646,0.95,1.83,https://theopenmodel.com/match/lecce-vs-napoli-2027-02-07/
2027-02-07T17:30:00+00:00,serie-a,"Regular Season - 23","Como","Monza",0.6724,0.2191,0.1086,2.06,0.72,https://theopenmodel.com/match/como-vs-monza-2027-02-07/
2027-02-07T19:45:00+00:00,ligue-1,"Regular Season - 19","Paris SG","Marseille",0.6933,0.2104,0.0963,2.1,0.68,https://theopenmodel.com/match/paris-sg-vs-marseille-2027-02-07/
2027-02-10T20:00:00+00:00,premier-league,"Regular Season - 25","Man United","Brighton",0.4705,0.2757,0.2537,1.63,1.15,https://theopenmodel.com/match/man-united-vs-brighton-2027-02-10/
2027-02-10T20:00:00+00:00,premier-league,"Regular Season - 25","Newcastle","Chelsea",0.4216,0.2819,0.2965,1.53,1.25,https://theopenmodel.com/match/newcastle-vs-chelsea-2027-02-10/
2027-02-10T20:00:00+00:00,premier-league,"Regular Season - 25","Fulham","Forest",0.418,0.2822,0.2998,1.52,1.26,https://theopenmodel.com/match/fulham-vs-forest-2027-02-10/
2027-02-10T20:00:00+00:00,premier-league,"Regular Season - 25","Everton","Leeds",0.4207,0.282,0.2973,1.53,1.25,https://theopenmodel.com/match/everton-vs-leeds-2027-02-10/
2027-02-10T20:00:00+00:00,premier-league,"Regular Season - 25","Tottenham","Man City",0.1961,0.2611,0.5429,1,1.78,https://theopenmodel.com/match/tottenham-vs-man-city-2027-02-10/
2027-02-10T20:00:00+00:00,premier-league,"Regular Season - 25","Crystal Palace","Brentford",0.3487,0.2849,0.3664,1.37,1.41,https://theopenmodel.com/match/crystal-palace-vs-brentford-2027-02-10/
2027-02-10T20:00:00+00:00,premier-league,"Regular Season - 25","Ipswich","Arsenal",0.0515,0.1686,0.78,0.47,2.31,https://theopenmodel.com/match/ipswich-vs-arsenal-2027-02-10/
2027-02-10T20:00:00+00:00,premier-league,"Regular Season - 25","Hull","Sunderland",0.2326,0.2713,0.4961,1.1,1.68,https://theopenmodel.com/match/hull-vs-sunderland-2027-02-10/
2027-02-10T20:00:00+00:00,premier-league,"Regular Season - 25","Aston Villa","Bournemouth",0.4723,0.2755,0.2522,1.64,1.15,https://theopenmodel.com/match/aston-villa-vs-bournemouth-2027-02-10/
2027-02-10T20:00:00+00:00,premier-league,"Regular Season - 25","Coventry","Liverpool",0.1561,0.2455,0.5984,0.88,1.9,https://theopenmodel.com/match/coventry-vs-liverpool-2027-02-10/
2027-02-13T14:30:00+00:00,bundesliga,"Regular Season - 21","Freiburg","Frankfurt",0.4869,0.273,0.2401,1.67,1.12,https://theopenmodel.com/match/freiburg-vs-frankfurt-2027-02-13/
2027-02-13T14:30:00+00:00,bundesliga,"Regular Season - 21","Mainz","Gladbach",0.4509,0.2786,0.2705,1.59,1.19,https://theopenmodel.com/match/mainz-vs-gladbach-2027-02-13/
2027-02-13T14:30:00+00:00,bundesliga,"Regular Season - 21","Dortmund","Stuttgart",0.4988,0.2708,0.2304,1.69,1.09,https://theopenmodel.com/match/dortmund-vs-stuttgart-2027-02-13/
2027-02-13T14:30:00+00:00,bundesliga,"Regular Season - 21","Hoffenheim","Paderborn",0.6231,0.2374,0.1395,1.95,0.83,https://theopenmodel.com/match/hoffenheim-vs-paderborn-2027-02-13/
2027-02-13T14:30:00+00:00,bundesliga,"Regular Season - 21","Augsburg","Werder",0.4501,0.2787,0.2712,1.59,1.19,https://theopenmodel.com/match/augsburg-vs-werder-2027-02-13/
2027-02-13T14:30:00+00:00,bundesliga,"Regular Season - 21","RB Leipzig","Leverkusen",0.3651,0.2849,0.35,1.41,1.37,https://theopenmodel.com/match/rb-leipzig-vs-leverkusen-2027-02-13/
2027-02-13T14:30:00+00:00,bundesliga,"Regular Season - 21","Union Berlin","Bayern",0.0682,0.1865,0.7453,0.56,2.22,https://theopenmodel.com/match/union-berlin-vs-bayern-2027-02-13/
2027-02-13T14:30:00+00:00,bundesliga,"Regular Season - 21","Koeln","Hamburg",0.3745,0.2847,0.3408,1.43,1.35,https://theopenmodel.com/match/koeln-vs-hamburg-2027-02-13/
2027-02-13T14:30:00+00:00,bundesliga,"Regular Season - 21","Elversberg","Schalke",0.4184,0.2822,0.2994,1.52,1.26,https://theopenmodel.com/match/elversberg-vs-schalke-2027-02-13/
2027-02-13T16:00:00+00:00,ligue-1,"Regular Season - 20","Lille","Nice",0.6072,0.2427,0.1501,1.92,0.87,https://theopenmodel.com/match/lille-vs-nice-2027-02-13/
2027-02-13T16:00:00+00:00,ligue-1,"Regular Season - 20","Lyon","Lens",0.3801,0.2846,0.3354,1.44,1.34,https://theopenmodel.com/match/lyon-vs-lens-2027-02-13/
2027-02-13T16:00:00+00:00,ligue-1,"Regular Season - 20","Marseille","Angers",0.6339,0.2336,0.1325,1.97,0.81,https://theopenmodel.com/match/marseille-vs-angers-2027-02-13/
2027-02-13T16:00:00+00:00,ligue-1,"Regular Season - 20","Toulouse","Monaco",0.323,0.284,0.393,1.31,1.47,https://theopenmodel.com/match/toulouse-vs-monaco-2027-02-13/
2027-02-13T16:00:00+00:00,ligue-1,"Regular Season - 20","Lorient","Le Havre",0.4846,0.2734,0.242,1.66,1.12,https://theopenmodel.com/match/lorient-vs-le-havre-2027-02-13/
2027-02-13T16:00:00+00:00,ligue-1,"Regular Season - 20","Brest","Rennes",0.3039,0.2826,0.4135,1.27,1.51,https://theopenmodel.com/match/brest-vs-rennes-2027-02-13/
2027-02-13T16:00:00+00:00,ligue-1,"Regular Season - 20","Auxerre","Strasbourg",0.3227,0.284,0.3933,1.31,1.47,https://theopenmodel.com/match/auxerre-vs-strasbourg-2027-02-13/
2027-02-13T16:00:00+00:00,ligue-1,"Regular Season - 20","Paris FC","Troyes",0.5407,0.2616,0.1977,1.78,1,https://theopenmodel.com/match/paris-fc-vs-troyes-2027-02-13/
2027-02-13T16:00:00+00:00,ligue-1,"Regular Season - 20","Le Mans","Paris SG",0.0281,0.1359,0.836,0.33,2.45,https://theopenmodel.com/match/le-mans-vs-paris-sg-2027-02-13/
2027-02-14T16:00:00+00:00,la-liga,"Regular Season - 24","Valencia","Alaves",0.4637,0.2768,0.2595,1.62,1.16,https://theopenmodel.com/match/valencia-vs-alaves-2027-02-14/
2027-02-14T16:00:00+00:00,la-liga,"Regular Season - 24","Villarreal","Barcelona",0.2049,0.2639,0.5312,1.02,1.76,https://theopenmodel.com/match/villarreal-vs-barcelona-2027-02-14/
2027-02-14T16:00:00+00:00,la-liga,"Regular Season - 24","Sevilla","Espanyol",0.433,0.2807,0.2862,1.55,1.23,https://theopenmodel.com/match/sevilla-vs-espanyol-2027-02-14/
2027-02-14T16:00:00+00:00,la-liga,"Regular Season - 24","Celta","Rayo Vallecano",0.4245,0.2816,0.2939,1.53,1.25,https://theopenmodel.com/match/celta-vs-rayo-vallecano-2027-02-14/
2027-02-14T16:00:00+00:00,la-liga,"Regular Season - 24","Levante","Malaga",0.4848,0.2734,0.2418,1.66,1.12,https://theopenmodel.com/match/levante-vs-malaga-2027-02-14/
2027-02-14T16:00:00+00:00,la-liga,"Regular Season - 24","Real Madrid","Bilbao",0.7293,0.1942,0.0765,2.19,0.6,https://theopenmodel.com/match/real-madrid-vs-bilbao-2027-02-14/
2027-02-14T16:00:00+00:00,la-liga,"Regular Season - 24","Sociedad","Betis",0.3118,0.2833,0.405,1.29,1.49,https://theopenmodel.com/match/sociedad-vs-betis-2027-02-14/
2027-02-14T16:00:00+00:00,la-liga,"Regular Season - 24","Osasuna","Atletico",0.218,0.2676,0.5143,1.06,1.72,https://theopenmodel.com/match/osasuna-vs-atletico-2027-02-14/
2027-02-14T16:00:00+00:00,la-liga,"Regular Season - 24","Elche","Depor",0.5054,0.2695,0.2251,1.7,1.08,https://theopenmodel.com/match/elche-vs-depor-2027-02-14/
2027-02-14T16:00:00+00:00,la-liga,"Regular Season - 24","Santander","Getafe",0.341,0.2847,0.3743,1.35,1.43,https://theopenmodel.com/match/santander-vs-getafe-2027-02-14/
2027-02-14T17:30:00+00:00,serie-a,"Regular Season - 24","Cagliari","Lazio",0.3041,0.2826,0.4133,1.27,1.51,https://theopenmodel.com/match/cagliari-vs-lazio-2027-02-14/
2027-02-14T17:30:00+00:00,serie-a,"Regular Season - 24","Napoli","Juventus",0.4364,0.2804,0.2832,1.56,1.22,https://theopenmodel.com/match/napoli-vs-juventus-2027-02-14/
2027-02-14T17:30:00+00:00,serie-a,"Regular Season - 24","Udinese","Venezia",0.4717,0.2756,0.2527,1.63,1.15,https://theopenmodel.com/match/udinese-vs-venezia-2027-02-14/
2027-02-14T17:30:00+00:00,serie-a,"Regular Season - 24","Genoa","Atalanta",0.2425,0.2735,0.484,1.12,1.66,https://theopenmodel.com/match/genoa-vs-atalanta-2027-02-14/
2027-02-14T17:30:00+00:00,serie-a,"Regular Season - 24","Roma","Parma",0.6587,0.2245,0.1169,2.03,0.75,https://theopenmodel.com/match/roma-vs-parma-2027-02-14/
2027-02-14T17:30:00+00:00,serie-a,"Regular Season - 24","Bologna","Como",0.3478,0.2849,0.3673,1.37,1.41,https://theopenmodel.com/match/bologna-vs-como-2027-02-14/
2027-02-14T17:30:00+00:00,serie-a,"Regular Season - 24","Torino","Sassuolo",0.4165,0.2824,0.3012,1.52,1.26,https://theopenmodel.com/match/torino-vs-sassuolo-2027-02-14/
2027-02-14T17:30:00+00:00,serie-a,"Regular Season - 24","Inter","Milan",0.5836,0.25,0.1664,1.87,0.91,https://theopenmodel.com/match/inter-vs-milan-2027-02-14/
2027-02-14T17:30:00+00:00,serie-a,"Regular Season - 24","Frosinone","Fiorentina",0.2948,0.2817,0.4235,1.25,1.53,https://theopenmodel.com/match/frosinone-vs-fiorentina-2027-02-14/
2027-02-14T17:30:00+00:00,serie-a,"Regular Season - 24","Monza","Lecce",0.3825,0.2845,0.333,1.45,1.34,https://theopenmodel.com/match/monza-vs-lecce-2027-02-14/
2027-02-20T14:30:00+00:00,bundesliga,"Regular Season - 22","Bayern","Augsburg",0.8253,0.1426,0.0322,2.42,0.36,https://theopenmodel.com/match/bayern-vs-augsburg-2027-02-20/
2027-02-20T14:30:00+00:00,bundesliga,"Regular Season - 22","Werder","Dortmund",0.1751,0.2535,0.5713,0.94,1.84,https://theopenmodel.com/match/werder-vs-dortmund-2027-02-20/
2027-02-20T14:30:00+00:00,bundesliga,"Regular Season - 22","Gladbach","Koeln",0.5007,0.2704,0.2289,1.69,1.09,https://theopenmodel.com/match/gladbach-vs-koeln-2027-02-20/
2027-02-20T14:30:00+00:00,bundesliga,"Regular Season - 22","Leverkusen","Mainz",0.5723,0.2533,0.1745,1.84,0.94,https://theopenmodel.com/match/leverkusen-vs-mainz-2027-02-20/
2027-02-20T14:30:00+00:00,bundesliga,"Regular Season - 22","Frankfurt","RB Leipzig",0.3028,0.2825,0.4147,1.27,1.51,https://theopenmodel.com/match/frankfurt-vs-rb-leipzig-2027-02-20/
2027-02-20T14:30:00+00:00,bundesliga,"Regular Season - 22","Stuttgart","Paderborn",0.6958,0.2093,0.0949,2.11,0.67,https://theopenmodel.com/match/stuttgart-vs-paderborn-2027-02-20/
2027-02-20T14:30:00+00:00,bundesliga,"Regular Season - 22","Schalke","Freiburg",0.196,0.261,0.543,1,1.78,https://theopenmodel.com/match/schalke-vs-freiburg-2027-02-20/
2027-02-20T14:30:00+00:00,bundesliga,"Regular Season - 22","Hamburg","Hoffenheim",0.3026,0.2825,0.415,1.27,1.51,https://theopenmodel.com/match/hamburg-vs-hoffenheim-2027-02-20/
2027-02-20T14:30:00+00:00,bundesliga,"Regular Season - 22","Elversberg","Union Berlin",0.305,0.2827,0.4122,1.27,1.51,https://theopenmodel.com/match/elversberg-vs-union-berlin-2027-02-20/
2027-02-20T15:00:00+00:00,premier-league,"Regular Season - 26","Bournemouth","Crystal Palace",0.5101,0.2685,0.2214,1.71,1.07,https://theopenmodel.com/match/bournemouth-vs-crystal-palace-2027-02-20/
2027-02-20T15:00:00+00:00,premier-league,"Regular Season - 26","Liverpool","Hull",0.8137,0.1495,0.0368,2.39,0.39,https://theopenmodel.com/match/liverpool-vs-hull-2027-02-20/
2027-02-20T15:00:00+00:00,premier-league,"Regular Season - 26","Arsenal","Fulham",0.7118,0.2023,0.0859,2.14,0.64,https://theopenmodel.com/match/arsenal-vs-fulham-2027-02-20/
2027-02-20T15:00:00+00:00,premier-league,"Regular Season - 26","Chelsea","Ipswich",0.6292,0.2353,0.1355,1.96,0.82,https://theopenmodel.com/match/chelsea-vs-ipswich-2027-02-20/
2027-02-20T15:00:00+00:00,premier-league,"Regular Season - 26","Man City","Newcastle",0.5738,0.2528,0.1733,1.85,0.94,https://theopenmodel.com/match/man-city-vs-newcastle-2027-02-20/
2027-02-20T15:00:00+00:00,premier-league,"Regular Season - 26","Brighton","Tottenham",0.5051,0.2695,0.2254,1.7,1.08,https://theopenmodel.com/match/brighton-vs-tottenham-2027-02-20/
2027-02-20T15:00:00+00:00,premier-league,"Regular Season - 26","Brentford","Coventry",0.6392,0.2317,0.1291,1.98,0.8,https://theopenmodel.com/match/brentford-vs-coventry-2027-02-20/
2027-02-20T15:00:00+00:00,premier-league,"Regular Season - 26","Leeds","Aston Villa",0.2889,0.2811,0.4301,1.23,1.55,https://theopenmodel.com/match/leeds-vs-aston-villa-2027-02-20/
2027-02-20T15:00:00+00:00,premier-league,"Regular Season - 26","Forest","Man United",0.3227,0.284,0.3933,1.31,1.47,https://theopenmodel.com/match/forest-vs-man-united-2027-02-20/
2027-02-20T15:00:00+00:00,premier-league,"Regular Season - 26","Sunderland","Everton",0.3109,0.2832,0.4059,1.29,1.5,https://theopenmodel.com/match/sunderland-vs-everton-2027-02-20/
2027-02-20T16:00:00+00:00,ligue-1,"Regular Season - 21","Angers","Paris FC",0.3219,0.2839,0.3942,1.31,1.47,https://theopenmodel.com/match/angers-vs-paris-fc-2027-02-20/
2027-02-20T16:00:00+00:00,ligue-1,"Regular Season - 21","Lille","Lorient",0.539,0.262,0.199,1.77,1.01,https://theopenmodel.com/match/lille-vs-lorient-2027-02-20/
2027-02-20T16:00:00+00:00,ligue-1,"Regular Season - 21","Nice","Auxerre",0.3746,0.2847,0.3406,1.43,1.35,https://theopenmodel.com/match/nice-vs-auxerre-2027-02-20/
2027-02-20T16:00:00+00:00,ligue-1,"Regular Season - 21","Paris SG","Brest",0.8106,0.1513,0.0381,2.38,0.4,https://theopenmodel.com/match/paris-sg-vs-brest-2027-02-20/
2027-02-20T16:00:00+00:00,ligue-1,"Regular Season - 21","Monaco","Le Mans",0.6788,0.2164,0.1047,2.07,0.71,https://theopenmodel.com/match/monaco-vs-le-mans-2027-02-20/
2027-02-20T16:00:00+00:00,ligue-1,"Regular Season - 21","Rennes","Toulouse",0.5075,0.2691,0.2235,1.71,1.07,https://theopenmodel.com/match/rennes-vs-toulouse-2027-02-20/
2027-02-20T16:00:00+00:00,ligue-1,"Regular Season - 21","Strasbourg","Marseille",0.3722,0.2848,0.343,1.42,1.36,https://theopenmodel.com/match/strasbourg-vs-marseille-2027-02-20/
2027-02-20T16:00:00+00:00,ligue-1,"Regular Season - 21","Le Havre","Lyon",0.233,0.2714,0.4957,1.1,1.68,https://theopenmodel.com/match/le-havre-vs-lyon-2027-02-20/
2027-02-20T16:00:00+00:00,ligue-1,"Regular Season - 21","Lens","Troyes",0.7117,0.2023,0.086,2.14,0.64,https://theopenmodel.com/match/lens-vs-troyes-2027-02-20/
2027-02-21T16:00:00+00:00,la-liga,"Regular Season - 25","Barcelona","Levante",0.7899,0.1631,0.047,2.33,0.45,https://theopenmodel.com/match/barcelona-vs-levante-2027-02-21/
2027-02-21T16:00:00+00:00,la-liga,"Regular Season - 25","Atletico","Elche",0.6621,0.2231,0.1148,2.03,0.75,https://theopenmodel.com/match/atletico-vs-elche-2027-02-21/
2027-02-21T16:00:00+00:00,la-liga,"Regular Season - 25","Bilbao","Celta",0.3627,0.2849,0.3524,1.4,1.38,https://theopenmodel.com/match/bilbao-vs-celta-2027-02-21/
2027-02-21T16:00:00+00:00,la-liga,"Regular Season - 25","Villarreal","Valencia",0.4863,0.2731,0.2406,1.66,1.12,https://theopenmodel.com/match/villarreal-vs-valencia-2027-02-21/
2027-02-21T16:00:00+00:00,la-liga,"Regular Season - 25","Malaga","Betis",0.2113,0.2657,0.523,1.04,1.74,https://theopenmodel.com/match/malaga-vs-betis-2027-02-21/
2027-02-21T16:00:00+00:00,la-liga,"Regular Season - 25","Sevilla","Real Madrid",0.1402,0.2377,0.6221,0.83,1.95,https://theopenmodel.com/match/sevilla-vs-real-madrid-2027-02-21/
2027-02-21T16:00:00+00:00,la-liga,"Regular Season - 25","Espanyol","Osasuna",0.4016,0.2835,0.3149,1.49,1.3,https://theopenmodel.com/match/espanyol-vs-osasuna-2027-02-21/
2027-02-21T16:00:00+00:00,la-liga,"Regular Season - 25","Alaves","Santander",0.4961,0.2713,0.2326,1.68,1.1,https://theopenmodel.com/match/alaves-vs-santander-2027-02-21/
2027-02-21T16:00:00+00:00,la-liga,"Regular Season - 25","Depor","Sociedad",0.2828,0.2803,0.4368,1.22,1.56,https://theopenmodel.com/match/depor-vs-sociedad-2027-02-21/
2027-02-21T16:00:00+00:00,la-liga,"Regular Season - 25","Rayo Vallecano","Getafe",0.4679,0.2762,0.2559,1.63,1.16,https://theopenmodel.com/match/rayo-vallecano-vs-getafe-2027-02-21/
2027-02-21T17:30:00+00:00,serie-a,"Regular Season - 25","Lazio","Napoli",0.3137,0.2834,0.4029,1.29,1.49,https://theopenmodel.com/match/lazio-vs-napoli-2027-02-21/
2027-02-21T17:30:00+00:00,serie-a,"Regular Season - 25","Sassuolo","Roma",0.2275,0.2701,0.5024,1.08,1.7,https://theopenmodel.com/match/sassuolo-vs-roma-2027-02-21/
2027-02-21T17:30:00+00:00,serie-a,"Regular Season - 25","Milan","Genoa",0.5849,0.2496,0.1655,1.87,0.91,https://theopenmodel.com/match/milan-vs-genoa-2027-02-21/
2027-02-21T17:30:00+00:00,serie-a,"Regular Season - 25","Udinese","Parma",0.4848,0.2734,0.2418,1.66,1.12,https://theopenmodel.com/match/udinese-vs-parma-2027-02-21/
2027-02-21T17:30:00+00:00,serie-a,"Regular Season - 25","Juventus","Bologna",0.4988,0.2708,0.2304,1.69,1.09,https://theopenmodel.com/match/juventus-vs-bologna-2027-02-21/
2027-02-21T17:30:00+00:00,serie-a,"Regular Season - 25","Atalanta","Monza",0.6779,0.2168,0.1053,2.07,0.71,https://theopenmodel.com/match/atalanta-vs-monza-2027-02-21/
2027-02-21T17:30:00+00:00,serie-a,"Regular Season - 25","Fiorentina","Inter",0.1816,0.256,0.5624,0.96,1.82,https://theopenmodel.com/match/fiorentina-vs-inter-2027-02-21/
2027-02-21T17:30:00+00:00,serie-a,"Regular Season - 25","Venezia","Cagliari",0.4052,0.2832,0.3116,1.49,1.29,https://theopenmodel.com/match/venezia-vs-cagliari-2027-02-21/
2027-02-21T17:30:00+00:00,serie-a,"Regular Season - 25","Lecce","Frosinone",0.4179,0.2822,0.2999,1.52,1.26,https://theopenmodel.com/match/lecce-vs-frosinone-2027-02-21/
2027-02-21T17:30:00+00:00,serie-a,"Regular Season - 25","Como","Torino",0.5751,0.2525,0.1724,1.85,0.93,https://theopenmodel.com/match/como-vs-torino-2027-02-21/
2027-02-27T14:30:00+00:00,bundesliga,"Regular Season - 23","Freiburg","Leverkusen",0.3235,0.284,0.3925,1.31,1.47,https://theopenmodel.com/match/freiburg-vs-leverkusen-2027-02-27/
2027-02-27T14:30:00+00:00,bundesliga,"Regular Season - 23","Mainz","Schalke",0.5962,0.2462,0.1576,1.89,0.89,https://theopenmodel.com/match/mainz-vs-schalke-2027-02-27/
2027-02-27T14:30:00+00:00,bundesliga,"Regular Season - 23","Dortmund","Union Berlin",0.6699,0.2201,0.1101,2.05,0.73,https://theopenmodel.com/match/dortmund-vs-union-berlin-2027-02-27/
2027-02-27T14:30:00+00:00,bundesliga,"Regular Season - 23","Hoffenheim","Gladbach",0.4851,0.2733,0.2416,1.66,1.12,https://theopenmodel.com/match/hoffenheim-vs-gladbach-2027-02-27/
2027-02-27T14:30:00+00:00,bundesliga,"Regular Season - 23","Augsburg","Elversberg",0.5494,0.2594,0.1912,1.8,0.99,https://theopenmodel.com/match/augsburg-vs-elversberg-2027-02-27/
2027-02-27T14:30:00+00:00,bundesliga,"Regular Season - 23","Stuttgart","Hamburg",0.6075,0.2426,0.1499,1.92,0.86,https://theopenmodel.com/match/stuttgart-vs-hamburg-2027-02-27/
2027-02-27T14:30:00+00:00,bundesliga,"Regular Season - 23","RB Leipzig","Bayern",0.1665,0.25,0.5835,0.92,1.87,https://theopenmodel.com/match/rb-leipzig-vs-bayern-2027-02-27/
2027-02-27T14:30:00+00:00,bundesliga,"Regular Season - 23","Paderborn","Werder",0.3219,0.2839,0.3942,1.31,1.47,https://theopenmodel.com/match/paderborn-vs-werder-2027-02-27/
2027-02-27T14:30:00+00:00,bundesliga,"Regular Season - 23","Koeln","Frankfurt",0.3055,0.2828,0.4118,1.27,1.51,https://theopenmodel.com/match/koeln-vs-frankfurt-2027-02-27/
2027-02-27T15:00:00+00:00,premier-league,"Regular Season - 27","Man United","Arsenal",0.2227,0.2689,0.5084,1.07,1.71,https://theopenmodel.com/match/man-united-vs-arsenal-2027-02-27/
2027-02-27T15:00:00+00:00,premier-league,"Regular Season - 27","Newcastle","Brentford",0.4016,0.2835,0.3149,1.49,1.3,https://theopenmodel.com/match/newcastle-vs-brentford-2027-02-27/
2027-02-27T15:00:00+00:00,premier-league,"Regular Season - 27","Fulham","Leeds",0.4178,0.2822,0.3,1.52,1.26,https://theopenmodel.com/match/fulham-vs-leeds-2027-02-27/
2027-02-27T15:00:00+00:00,premier-league,"Regular Season - 27","Everton","Forest",0.421,0.282,0.2971,1.53,1.25,https://theopenmodel.com/match/everton-vs-forest-2027-02-27/
2027-02-27T15:00:00+00:00,premier-league,"Regular Season - 27","Tottenham","Liverpool",0.2537,0.2757,0.4705,1.15,1.63,https://theopenmodel.com/match/tottenham-vs-liverpool-2027-02-27/
2027-02-27T15:00:00+00:00,premier-league,"Regular Season - 27","Crystal Palace","Sunderland",0.4935,0.2718,0.2347,1.68,1.1,https://theopenmodel.com/match/crystal-palace-vs-sunderland-2027-02-27/
2027-02-27T15:00:00+00:00,premier-league,"Regular Season - 27","Ipswich","Brighton",0.2089,0.2651,0.526,1.03,1.75,https://theopenmodel.com/match/ipswich-vs-brighton-2027-02-27/
2027-02-27T15:00:00+00:00,premier-league,"Regular Season - 27","Hull","Man City",0.0528,0.1701,0.777,0.48,2.3,https://theopenmodel.com/match/hull-vs-man-city-2027-02-27/
2027-02-27T15:00:00+00:00,premier-league,"Regular Season - 27","Aston Villa","Chelsea",0.5216,0.2661,0.2124,1.74,1.04,https://theopenmodel.com/match/aston-villa-vs-chelsea-2027-02-27/
2027-02-27T15:00:00+00:00,premier-league,"Regular Season - 27","Coventry","Bournemouth",0.1892,0.2588,0.552,0.98,1.8,https://theopenmodel.com/match/coventry-vs-bournemouth-2027-02-27/
2027-02-27T16:00:00+00:00,ligue-1,"Regular Season - 22","Lyon","Toulouse",0.5435,0.2609,0.1956,1.78,1,https://theopenmodel.com/match/lyon-vs-toulouse-2027-02-27/
2027-02-27T16:00:00+00:00,ligue-1,"Regular Season - 22","Marseille","Rennes",0.4325,0.2808,0.2867,1.55,1.23,https://theopenmodel.com/match/marseille-vs-rennes-2027-02-27/
2027-02-27T16:00:00+00:00,ligue-1,"Regular Season - 22","Strasbourg","Le Havre",0.5526,0.2586,0.1888,1.8,0.98,https://theopenmodel.com/match/strasbourg-vs-le-havre-2027-02-27/
2027-02-27T16:00:00+00:00,ligue-1,"Regular Season - 22","Lorient","Angers",0.5239,0.2655,0.2106,1.74,1.04,https://theopenmodel.com/match/lorient-vs-angers-2027-02-27/
2027-02-27T16:00:00+00:00,ligue-1,"Regular Season - 22","Brest","Monaco",0.3023,0.2825,0.4152,1.27,1.52,https://theopenmodel.com/match/brest-vs-monaco-2027-02-27/
2027-02-27T16:00:00+00:00,ligue-1,"Regular Season - 22","Auxerre","Lille",0.2714,0.2787,0.4498,1.19,1.59,https://theopenmodel.com/match/auxerre-vs-lille-2027-02-27/
2027-02-27T16:00:00+00:00,ligue-1,"Regular Season - 22","Troyes","Nice",0.3449,0.2848,0.3703,1.36,1.42,https://theopenmodel.com/match/troyes-vs-nice-2027-02-27/
2027-02-27T16:00:00+00:00,ligue-1,"Regular Season - 22","Le Mans","Paris FC",0.265,0.2777,0.4572,1.18,1.6,https://theopenmodel.com/match/le-mans-vs-paris-fc-2027-02-27/
2027-02-28T16:00:00+00:00,la-liga,"Regular Season - 26","Bilbao","Barcelona",0.124,0.2288,0.6472,0.78,2,https://theopenmodel.com/match/bilbao-vs-barcelona-2027-02-28/
2027-02-28T16:00:00+00:00,la-liga,"Regular Season - 26","Malaga","Atletico",0.1437,0.2395,0.6168,0.84,1.94,https://theopenmodel.com/match/malaga-vs-atletico-2027-02-28/
2027-02-28T16:00:00+00:00,la-liga,"Regular Season - 26","Celta","Espanyol",0.489,0.2726,0.2384,1.67,1.11,https://theopenmodel.com/match/celta-vs-espanyol-2027-02-28/
2027-02-28T16:00:00+00:00,la-liga,"Regular Season - 26","Levante","Depor",0.5065,0.2693,0.2242,1.71,1.08,https://theopenmodel.com/match/levante-vs-depor-2027-02-28/
2027-02-28T16:00:00+00:00,la-liga,"Regular Season - 26","Real Madrid","Valencia",0.6884,0.2125,0.0991,2.09,0.69,https://theopenmodel.com/match/real-madrid-vs-valencia-2027-02-28/
2027-02-28T16:00:00+00:00,la-liga,"Regular Season - 26","Betis","Villarreal",0.4105,0.2829,0.3067,1.51,1.28,https://theopenmodel.com/match/betis-vs-villarreal-2027-02-28/
2027-02-28T16:00:00+00:00,la-liga,"Regular Season - 26","Getafe","Alaves",0.4077,0.2831,0.3093,1.5,1.28,https://theopenmodel.com/match/getafe-vs-alaves-2027-02-28/
2027-02-28T16:00:00+00:00,la-liga,"Regular Season - 26","Sociedad","Elche",0.4619,0.2771,0.261,1.61,1.17,https://theopenmodel.com/match/sociedad-vs-elche-2027-02-28/
2027-02-28T16:00:00+00:00,la-liga,"Regular Season - 26","Osasuna","Sevilla",0.4075,0.2831,0.3094,1.5,1.28,https://theopenmodel.com/match/osasuna-vs-sevilla-2027-02-28/
2027-02-28T16:00:00+00:00,la-liga,"Regular Season - 26","Santander","Rayo Vallecano",0.2914,0.2814,0.4272,1.24,1.54,https://theopenmodel.com/match/santander-vs-rayo-vallecano-2027-02-28/
2027-02-28T17:30:00+00:00,serie-a,"Regular Season - 26","Cagliari","Udinese",0.3664,0.2849,0.3487,1.41,1.37,https://theopenmodel.com/match/cagliari-vs-udinese-2027-02-28/
2027-02-28T17:30:00+00:00,serie-a,"Regular Season - 26","Genoa","Lazio",0.3051,0.2827,0.4121,1.27,1.51,https://theopenmodel.com/match/genoa-vs-lazio-2027-02-28/
2027-02-28T17:30:00+00:00,serie-a,"Regular Season - 26","Roma","Venezia",0.6461,0.2292,0.1247,2,0.78,https://theopenmodel.com/match/roma-vs-venezia-2027-02-28/
2027-02-28T17:30:00+00:00,serie-a,"Regular Season - 26","Bologna","Lecce",0.5737,0.2529,0.1734,1.85,0.94,https://theopenmodel.com/match/bologna-vs-lecce-2027-02-28/
2027-02-28T17:30:00+00:00,serie-a,"Regular Season - 26","Torino","Fiorentina",0.3605,0.2849,0.3545,1.4,1.38,https://theopenmodel.com/match/torino-vs-fiorentina-2027-02-28/
2027-02-28T17:30:00+00:00,serie-a,"Regular Season - 26","Inter","Atalanta",0.5675,0.2546,0.1779,1.83,0.95,https://theopenmodel.com/match/inter-vs-atalanta-2027-02-28/
2027-02-28T17:30:00+00:00,serie-a,"Regular Season - 26","Frosinone","Napoli",0.1771,0.2543,0.5686,0.95,1.83,https://theopenmodel.com/match/frosinone-vs-napoli-2027-02-28/
2027-02-28T17:30:00+00:00,serie-a,"Regular Season - 26","Parma","Sassuolo",0.3743,0.2847,0.341,1.43,1.35,https://theopenmodel.com/match/parma-vs-sassuolo-2027-02-28/
2027-02-28T17:30:00+00:00,serie-a,"Regular Season - 26","Como","Milan",0.4242,0.2817,0.2942,1.53,1.25,https://theopenmodel.com/match/como-vs-milan-2027-02-28/
2027-02-28T17:30:00+00:00,serie-a,"Regular Season - 26","Monza","Juventus",0.173,0.2527,0.5743,0.93,1.85,https://theopenmodel.com/match/monza-vs-juventus-2027-02-28/
2027-02-28T19:45:00+00:00,ligue-1,"Regular Season - 22","Paris SG","Lens",0.6439,0.23,0.1261,1.99,0.79,https://theopenmodel.com/match/paris-sg-vs-lens-2027-02-28/
2027-03-03T19:30:00+00:00,bundesliga,"Regular Season - 24","Bayern","Freiburg",0.7368,0.1906,0.0726,2.2,0.58,https://theopenmodel.com/match/bayern-vs-freiburg-2027-03-03/
2027-03-03T19:30:00+00:00,bundesliga,"Regular Season - 24","Werder","Mainz",0.3382,0.2847,0.3772,1.35,1.43,https://theopenmodel.com/match/werder-vs-mainz-2027-03-03/
2027-03-03T19:30:00+00:00,bundesliga,"Regular Season - 24","Gladbach","Stuttgart",0.2763,0.2794,0.4442,1.21,1.58,https://theopenmodel.com/match/gladbach-vs-stuttgart-2027-03-03/
2027-03-03T19:30:00+00:00,bundesliga,"Regular Season - 24","Leverkusen","Hoffenheim",0.5381,0.2622,0.1997,1.77,1.01,https://theopenmodel.com/match/leverkusen-vs-hoffenheim-2027-03-03/
2027-03-03T19:30:00+00:00,bundesliga,"Regular Season - 24","Frankfurt","Dortmund",0.228,0.2702,0.5018,1.08,1.7,https://theopenmodel.com/match/frankfurt-vs-dortmund-2027-03-03/
2027-03-03T19:30:00+00:00,bundesliga,"Regular Season - 24","Schalke","Koeln",0.3578,0.285,0.3572,1.39,1.39,https://theopenmodel.com/match/schalke-vs-koeln-2027-03-03/
2027-03-03T19:30:00+00:00,bundesliga,"Regular Season - 24","Hamburg","Paderborn",0.5057,0.2694,0.2249,1.7,1.08,https://theopenmodel.com/match/hamburg-vs-paderborn-2027-03-03/
2027-03-03T19:30:00+00:00,bundesliga,"Regular Season - 24","Union Berlin","Augsburg",0.3941,0.2839,0.322,1.47,1.31,https://theopenmodel.com/match/union-berlin-vs-augsburg-2027-03-03/
2027-03-03T19:30:00+00:00,bundesliga,"Regular Season - 24","Elversberg","RB Leipzig",0.1669,0.2502,0.5829,0.92,1.87,https://theopenmodel.com/match/elversberg-vs-rb-leipzig-2027-03-03/
2027-03-03T20:00:00+00:00,premier-league,"Regular Season - 28","Bournemouth","Tottenham",0.5412,0.2615,0.1973,1.78,1,https://theopenmodel.com/match/bournemouth-vs-tottenham-2027-03-03/
2027-03-03T20:00:00+00:00,premier-league,"Regular Season - 28","Liverpool","Aston Villa",0.402,0.2835,0.3145,1.49,1.29,https://theopenmodel.com/match/liverpool-vs-aston-villa-2027-03-03/
2027-03-03T20:00:00+00:00,premier-league,"Regular Season - 28","Arsenal","Crystal Palace",0.7351,0.1914,0.0735,2.2,0.58,https://theopenmodel.com/match/arsenal-vs-crystal-palace-2027-03-03/
2027-03-03T20:00:00+00:00,premier-league,"Regular Season - 28","Chelsea","Coventry",0.6194,0.2387,0.142,1.94,0.84,https://theopenmodel.com/match/chelsea-vs-coventry-2027-03-03/
2027-03-03T20:00:00+00:00,premier-league,"Regular Season - 28","Man City","Everton",0.5999,0.245,0.1551,1.9,0.88,https://theopenmodel.com/match/man-city-vs-everton-2027-03-03/
2027-03-03T20:00:00+00:00,premier-league,"Regular Season - 28","Brighton","Fulham",0.4483,0.2789,0.2728,1.58,1.2,https://theopenmodel.com/match/brighton-vs-fulham-2027-03-03/
2027-03-03T20:00:00+00:00,premier-league,"Regular Season - 28","Brentford","Ipswich",0.649,0.2281,0.1229,2.01,0.78,https://theopenmodel.com/match/brentford-vs-ipswich-2027-03-03/
2027-03-03T20:00:00+00:00,premier-league,"Regular Season - 28","Leeds","Hull",0.7099,0.2031,0.087,2.14,0.64,https://theopenmodel.com/match/leeds-vs-hull-2027-03-03/
2027-03-03T20:00:00+00:00,premier-league,"Regular Season - 28","Forest","Newcastle",0.3816,0.2845,0.3339,1.44,1.34,https://theopenmodel.com/match/forest-vs-newcastle-2027-03-03/
2027-03-03T20:00:00+00:00,premier-league,"Regular Season - 28","Sunderland","Man United",0.2343,0.2717,0.494,1.1,1.68,https://theopenmodel.com/match/sunderland-vs-man-united-2027-03-03/
2027-03-06T14:30:00+00:00,bundesliga,"Regular Season - 25","Freiburg","Augsburg",0.5199,0.2664,0.2137,1.73,1.05,https://theopenmodel.com/match/freiburg-vs-augsburg-2027-03-06/
2027-03-06T14:30:00+00:00,bundesliga,"Regular Season - 25","Mainz","Elversberg",0.5918,0.2475,0.1607,1.88,0.9,https://theopenmodel.com/match/mainz-vs-elversberg-2027-03-06/
2027-03-06T14:30:00+00:00,bundesliga,"Regular Season - 25","Dortmund","Bayern",0.2328,0.2713,0.4959,1.1,1.68,https://theopenmodel.com/match/dortmund-vs-bayern-2027-03-06/
2027-03-06T14:30:00+00:00,bundesliga,"Regular Season - 25","Hoffenheim","Werder",0.527,0.2648,0.2082,1.75,1.03,https://theopenmodel.com/match/hoffenheim-vs-werder-2027-03-06/
2027-03-06T14:30:00+00:00,bundesliga,"Regular Season - 25","Stuttgart","Leverkusen",0.3673,0.2849,0.3478,1.41,1.37,https://theopenmodel.com/match/stuttgart-vs-leverkusen-2027-03-06/
2027-03-06T14:30:00+00:00,bundesliga,"Regular Season - 25","RB Leipzig","Schalke",0.7,0.2075,0.0925,2.12,0.66,https://theopenmodel.com/match/rb-leipzig-vs-schalke-2027-03-06/
2027-03-06T14:30:00+00:00,bundesliga,"Regular Season - 25","Hamburg","Frankfurt",0.3429,0.2848,0.3723,1.36,1.42,https://theopenmodel.com/match/hamburg-vs-frankfurt-2027-03-06/
2027-03-06T14:30:00+00:00,bundesliga,"Regular Season - 25","Paderborn","Gladbach",0.2843,0.2805,0.4352,1.22,1.56,https://theopenmodel.com/match/paderborn-vs-gladbach-2027-03-06/
2027-03-06T14:30:00+00:00,bundesliga,"Regular Season - 25","Koeln","Union Berlin",0.3547,0.2849,0.3603,1.38,1.4,https://theopenmodel.com/match/koeln-vs-union-berlin-2027-03-06/
2027-03-06T16:00:00+00:00,ligue-1,"Regular Season - 23","Angers","Auxerre",0.3353,0.2846,0.3802,1.34,1.44,https://theopenmodel.com/match/angers-vs-auxerre-2027-03-06/
2027-03-06T16:00:00+00:00,ligue-1,"Regular Season - 23","Lille","Marseille",0.4282,0.2813,0.2906,1.54,1.24,https://theopenmodel.com/match/lille-vs-marseille-2027-03-06/
2027-03-06T16:00:00+00:00,ligue-1,"Regular Season - 23","Monaco","Lyon",0.3807,0.2845,0.3347,1.44,1.34,https://theopenmodel.com/match/monaco-vs-lyon-2027-03-06/
2027-03-06T16:00:00+00:00,ligue-1,"Regular Season - 23","Rennes","Paris SG",0.1559,0.2454,0.5987,0.88,1.9,https://theopenmodel.com/match/rennes-vs-paris-sg-2027-03-06/
2027-03-06T16:00:00+00:00,ligue-1,"Regular Season - 23","Toulouse","Le Mans",0.5861,0.2493,0.1646,1.87,0.91,https://theopenmodel.com/match/toulouse-vs-le-mans-2027-03-06/
2027-03-06T16:00:00+00:00,ligue-1,"Regular Season - 23","Troyes","Lorient",0.2826,0.2803,0.4371,1.22,1.56,https://theopenmodel.com/match/troyes-vs-lorient-2027-03-06/
2027-03-06T16:00:00+00:00,ligue-1,"Regular Season - 23","Le Havre","Nice",0.4115,0.2828,0.3057,1.51,1.27,https://theopenmodel.com/match/le-havre-vs-nice-2027-03-06/
2027-03-06T16:00:00+00:00,ligue-1,"Regular Season - 23","Paris FC","Brest",0.4248,0.2816,0.2936,1.54,1.25,https://theopenmodel.com/match/paris-fc-vs-brest-2027-03-06/
2027-03-06T16:00:00+00:00,ligue-1,"Regular Season - 23","Lens","Strasbourg",0.5088,0.2688,0.2224,1.71,1.07,https://theopenmodel.com/match/lens-vs-strasbourg-2027-03-06/
2027-03-07T16:00:00+00:00,la-liga,"Regular Season - 27","Barcelona","Betis",0.6504,0.2276,0.122,2.01,0.77,https://theopenmodel.com/match/barcelona-vs-betis-2027-03-07/
2027-03-07T16:00:00+00:00,la-liga,"Regular Season - 27","Atletico","Celta",0.5687,0.2543,0.177,1.84,0.95,https://theopenmodel.com/match/atletico-vs-celta-2027-03-07/
2027-03-07T16:00:00+00:00,la-liga,"Regular Season - 27","Valencia","Levante",0.4995,0.2706,0.2298,1.69,1.09,https://theopenmodel.com/match/valencia-vs-levante-2027-03-07/
2027-03-07T16:00:00+00:00,la-liga,"Regular Season - 27","Villarreal","Real Madrid",0.2278,0.2701,0.502,1.08,1.7,https://theopenmodel.com/match/villarreal-vs-real-madrid-2027-03-07/
2027-03-07T16:00:00+00:00,la-liga,"Regular Season - 27","Sevilla","Sociedad",0.4051,0.2833,0.3117,1.49,1.29,https://theopenmodel.com/match/sevilla-vs-sociedad-2027-03-07/
2027-03-07T16:00:00+00:00,la-liga,"Regular Season - 27","Espanyol","Santander",0.4792,0.2743,0.2465,1.65,1.13,https://theopenmodel.com/match/espanyol-vs-santander-2027-03-07/
2027-03-07T16:00:00+00:00,la-liga,"Regular Season - 27","Alaves","Bilbao",0.4086,0.283,0.3084,1.5,1.28,https://theopenmodel.com/match/alaves-vs-bilbao-2027-03-07/
2027-03-07T16:00:00+00:00,la-liga,"Regular Season - 27","Depor","Getafe",0.2988,0.2821,0.4191,1.26,1.52,https://theopenmodel.com/match/depor-vs-getafe-2027-03-07/
2027-03-07T16:00:00+00:00,la-liga,"Regular Season - 27","Rayo Vallecano","Osasuna",0.4656,0.2765,0.2579,1.62,1.16,https://theopenmodel.com/match/rayo-vallecano-vs-osasuna-2027-03-07/
2027-03-07T16:00:00+00:00,la-liga,"Regular Season - 27","Elche","Malaga",0.4838,0.2735,0.2427,1.66,1.12,https://theopenmodel.com/match/elche-vs-malaga-2027-03-07/
2027-03-07T17:30:00+00:00,serie-a,"Regular Season - 27","Lazio","Frosinone",0.5799,0.2511,0.169,1.86,0.92,https://theopenmodel.com/match/lazio-vs-frosinone-2027-03-07/
2027-03-07T17:30:00+00:00,serie-a,"Regular Season - 27","Sassuolo","Bologna",0.3233,0.284,0.3927,1.31,1.47,https://theopenmodel.com/match/sassuolo-vs-bologna-2027-03-07/
2027-03-07T17:30:00+00:00,serie-a,"Regular Season - 27","Milan","Cagliari",0.5861,0.2493,0.1646,1.87,0.91,https://theopenmodel.com/match/milan-vs-cagliari-2027-03-07/
2027-03-07T17:30:00+00:00,serie-a,"Regular Season - 27","Napoli","Parma",0.656,0.2255,0.1185,2.02,0.76,https://theopenmodel.com/match/napoli-vs-parma-2027-03-07/
2027-03-07T17:30:00+00:00,serie-a,"Regular Season - 27","Udinese","Inter",0.1621,0.2481,0.5898,0.9,1.88,https://theopenmodel.com/match/udinese-vs-inter-2027-03-07/
2027-03-07T17:30:00+00:00,serie-a,"Regular Season - 27","Juventus","Roma",0.3892,0.2842,0.3266,1.46,1.32,https://theopenmodel.com/match/juventus-vs-roma-2027-03-07/
2027-03-07T17:30:00+00:00,serie-a,"Regular Season - 27","Atalanta","Torino",0.581,0.2508,0.1682,1.86,0.92,https://theopenmodel.com/match/atalanta-vs-torino-2027-03-07/
2027-03-07T17:30:00+00:00,serie-a,"Regular Season - 27","Fiorentina","Venezia",0.4993,0.2707,0.23,1.69,1.09,https://theopenmodel.com/match/fiorentina-vs-venezia-2027-03-07/
2027-03-07T17:30:00+00:00,serie-a,"Regular Season - 27","Lecce","Como",0.2094,0.2652,0.5254,1.04,1.75,https://theopenmodel.com/match/lecce-vs-como-2027-03-07/
2027-03-07T17:30:00+00:00,serie-a,"Regular Season - 27","Monza","Genoa",0.3377,0.2846,0.3776,1.35,1.43,https://theopenmodel.com/match/monza-vs-genoa-2027-03-07/
2027-03-13T14:30:00+00:00,bundesliga,"Regular Season - 26","Bayern","Mainz",0.7913,0.1623,0.0464,2.33,0.45,https://theopenmodel.com/match/bayern-vs-mainz-2027-03-13/
2027-03-13T14:30:00+00:00,bundesliga,"Regular Season - 26","Werder","Stuttgart",0.2409,0.2732,0.4859,1.12,1.66,https://theopenmodel.com/match/werder-vs-stuttgart-2027-03-13/
2027-03-13T14:30:00+00:00,bundesliga,"Regular Season - 26","Gladbach","Hamburg",0.46,0.2773,0.2627,1.61,1.17,https://theopenmodel.com/match/gladbach-vs-hamburg-2027-03-13/
2027-03-13T14:30:00+00:00,bundesliga,"Regular Season - 26","Leverkusen","Koeln",0.6929,0.2106,0.0966,2.1,0.68,https://theopenmodel.com/match/leverkusen-vs-koeln-2027-03-13/
2027-03-13T14:30:00+00:00,bundesliga,"Regular Season - 26","Frankfurt","Paderborn",0.5798,0.2511,0.1691,1.86,0.92,https://theopenmodel.com/match/frankfurt-vs-paderborn-2027-03-13/
2027-03-13T14:30:00+00:00,bundesliga,"Regular Season - 26","Augsburg","RB Leipzig",0.2737,0.2791,0.4472,1.2,1.58,https://theopenmodel.com/match/augsburg-vs-rb-leipzig-2027-03-13/
2027-03-13T14:30:00+00:00,bundesliga,"Regular Season - 26","Schalke","Hoffenheim",0.2187,0.2678,0.5135,1.06,1.72,https://theopenmodel.com/match/schalke-vs-hoffenheim-2027-03-13/
2027-03-13T14:30:00+00:00,bundesliga,"Regular Season - 26","Union Berlin","Freiburg",0.2948,0.2817,0.4235,1.25,1.53,https://theopenmodel.com/match/union-berlin-vs-freiburg-2027-03-13/
2027-03-13T14:30:00+00:00,bundesliga,"Regular Season - 26","Elversberg","Dortmund",0.1111,0.2207,0.6681,0.73,2.05,https://theopenmodel.com/match/elversberg-vs-dortmund-2027-03-13/
2027-03-13T15:00:00+00:00,premier-league,"Regular Season - 29","Man United","Everton",0.5023,0.2701,0.2276,1.7,1.08,https://theopenmodel.com/match/man-united-vs-everton-2027-03-13/
2027-03-13T15:00:00+00:00,premier-league,"Regular Season - 29","Bournemouth","Newcastle",0.455,0.278,0.267,1.6,1.18,https://theopenmodel.com/match/bournemouth-vs-newcastle-2027-03-13/
2027-03-13T15:00:00+00:00,premier-league,"Regular Season - 29","Liverpool","Ipswich",0.7195,0.1988,0.0818,2.16,0.62,https://theopenmodel.com/match/liverpool-vs-ipswich-2027-03-13/
2027-03-13T15:00:00+00:00,premier-league,"Regular Season - 29","Tottenham","Forest",0.3631,0.2849,0.352,1.4,1.38,https://theopenmodel.com/match/tottenham-vs-forest-2027-03-13/
2027-03-13T15:00:00+00:00,premier-league,"Regular Season - 29","Chelsea","Arsenal",0.1699,0.2515,0.5786,0.93,1.86,https://theopenmodel.com/match/chelsea-vs-arsenal-2027-03-13/
2027-03-13T15:00:00+00:00,premier-league,"Regular Season - 29","Crystal Palace","Fulham",0.3889,0.2842,0.3269,1.46,1.32,https://theopenmodel.com/match/crystal-palace-vs-fulham-2027-03-13/
2027-03-13T15:00:00+00:00,premier-league,"Regular Season - 29","Leeds","Brighton",0.3766,0.2847,0.3387,1.43,1.35,https://theopenmodel.com/match/leeds-vs-brighton-2027-03-13/
2027-03-13T15:00:00+00:00,premier-league,"Regular Season - 29","Aston Villa","Hull",0.8232,0.1438,0.033,2.42,0.36,https://theopenmodel.com/match/aston-villa-vs-hull-2027-03-13/
2027-03-13T15:00:00+00:00,premier-league,"Regular Season - 29","Sunderland","Brentford",0.2762,0.2794,0.4443,1.2,1.58,https://theopenmodel.com/match/sunderland-vs-brentford-2027-03-13/
2027-03-13T15:00:00+00:00,premier-league,"Regular Season - 29","Coventry","Man City",0.111,0.2206,0.6684,0.73,2.05,https://theopenmodel.com/match/coventry-vs-man-city-2027-03-13/
2027-03-13T16:00:00+00:00,ligue-1,"Regular Season - 24","Lyon","Troyes",0.6793,0.2163,0.1045,2.07,0.71,https://theopenmodel.com/match/lyon-vs-troyes-2027-03-13/
2027-03-13T16:00:00+00:00,ligue-1,"Regular Season - 24","Marseille","Monaco",0.4308,0.281,0.2882,1.55,1.23,https://theopenmodel.com/match/marseille-vs-monaco-2027-03-13/
2027-03-13T16:00:00+00:00,ligue-1,"Regular Season - 24","Nice","Toulouse",0.3496,0.2849,0.3655,1.37,1.41,https://theopenmodel.com/match/nice-vs-toulouse-2027-03-13/
2027-03-13T16:00:00+00:00,ligue-1,"Regular Season - 24","Strasbourg","Angers",0.5916,0.2476,0.1608,1.88,0.9,https://theopenmodel.com/match/strasbourg-vs-angers-2027-03-13/
2027-03-13T16:00:00+00:00,ligue-1,"Regular Season - 24","Brest","Lille",0.2746,0.2792,0.4463,1.2,1.58,https://theopenmodel.com/match/brest-vs-lille-2027-03-13/
2027-03-13T16:00:00+00:00,ligue-1,"Regular Season - 24","Auxerre","Paris SG",0.085,0.2015,0.7135,0.63,2.15,https://theopenmodel.com/match/auxerre-vs-paris-sg-2027-03-13/
2027-03-13T16:00:00+00:00,ligue-1,"Regular Season - 24","Le Havre","Lens",0.2053,0.264,0.5307,1.03,1.76,https://theopenmodel.com/match/le-havre-vs-lens-2027-03-13/
2027-03-13T16:00:00+00:00,ligue-1,"Regular Season - 24","Paris FC","Lorient",0.4009,0.2835,0.3156,1.48,1.3,https://theopenmodel.com/match/paris-fc-vs-lorient-2027-03-13/
2027-03-13T16:00:00+00:00,ligue-1,"Regular Season - 24","Le Mans","Rennes",0.1811,0.2558,0.563,0.96,1.82,https://theopenmodel.com/match/le-mans-vs-rennes-2027-03-13/
2027-03-14T16:00:00+00:00,la-liga,"Regular Season - 28","Barcelona","Depor",0.8513,0.1253,0.0234,2.53,0.3,https://theopenmodel.com/match/barcelona-vs-depor-2027-03-14/
2027-03-14T16:00:00+00:00,la-liga,"Regular Season - 28","Bilbao","Valencia",0.3707,0.2848,0.3445,1.42,1.36,https://theopenmodel.com/match/bilbao-vs-valencia-2027-03-14/
2027-03-14T16:00:00+00:00,la-liga,"Regular Season - 28","Malaga","Rayo Vallecano",0.27,0.2785,0.4515,1.19,1.59,https://theopenmodel.com/match/malaga-vs-rayo-vallecano-2027-03-14/
2027-03-14T16:00:00+00:00,la-liga,"Regular Season - 28","Real Madrid","Espanyol",0.7492,0.1845,0.0663,2.23,0.55,https://theopenmodel.com/match/real-madrid-vs-espanyol-2027-03-14/
2027-03-14T16:00:00+00:00,la-liga,"Regular Season - 28","Alaves","Sevilla",0.4117,0.2828,0.3056,1.51,1.27,https://theopenmodel.com/match/alaves-vs-sevilla-2027-03-14/
2027-03-14T16:00:00+00:00,la-liga,"Regular Season - 28","Betis","Levante",0.5688,0.2542,0.177,1.84,0.95,https://theopenmodel.com/match/betis-vs-levante-2027-03-14/
2027-03-14T16:00:00+00:00,la-liga,"Regular Season - 28","Getafe","Sociedad",0.3964,0.2838,0.3198,1.48,1.31,https://theopenmodel.com/match/getafe-vs-sociedad-2027-03-14/
2027-03-14T16:00:00+00:00,la-liga,"Regular Season - 28","Osasuna","Celta",0.3535,0.2849,0.3616,1.38,1.4,https://theopenmodel.com/match/osasuna-vs-celta-2027-03-14/
2027-03-14T16:00:00+00:00,la-liga,"Regular Season - 28","Elche","Villarreal",0.2659,0.2779,0.4563,1.18,1.6,https://theopenmodel.com/match/elche-vs-villarreal-2027-03-14/
2027-03-14T16:00:00+00:00,la-liga,"Regular Season - 28","Santander","Atletico",0.1601,0.2473,0.5927,0.9,1.89,https://theopenmodel.com/match/santander-vs-atletico-2027-03-14/
2027-03-14T17:30:00+00:00,serie-a,"Regular Season - 28","Lazio","Juventus",0.3346,0.2845,0.3809,1.34,1.44,https://theopenmodel.com/match/lazio-vs-juventus-2027-03-14/
2027-03-14T17:30:00+00:00,serie-a,"Regular Season - 28","Milan","Sassuolo",0.5674,0.2546,0.178,1.83,0.95,https://theopenmodel.com/match/milan-vs-sassuolo-2027-03-14/
2027-03-14T17:30:00+00:00,serie-a,"Regular Season - 28","Cagliari","Fiorentina",0.3404,0.2847,0.3749,1.35,1.43,https://theopenmodel.com/match/cagliari-vs-fiorentina-2027-03-14/
2027-03-14T17:30:00+00:00,serie-a,"Regular Season - 28","Genoa","Roma",0.2135,0.2664,0.5201,1.05,1.73,https://theopenmodel.com/match/genoa-vs-roma-2027-03-14/
2027-03-14T17:30:00+00:00,serie-a,"Regular Season - 28","Bologna","Napoli",0.3117,0.2833,0.4051,1.29,1.49,https://theopenmodel.com/match/bologna-vs-napoli-2027-03-14/
2027-03-14T17:30:00+00:00,serie-a,"Regular Season - 28","Torino","Inter",0.1434,0.2394,0.6173,0.84,1.94,https://theopenmodel.com/match/torino-vs-inter-2027-03-14/
2027-03-14T17:30:00+00:00,serie-a,"Regular Season - 28","Frosinone","Monza",0.4421,0.2797,0.2782,1.57,1.21,https://theopenmodel.com/match/frosinone-vs-monza-2027-03-14/
2027-03-14T17:30:00+00:00,serie-a,"Regular Season - 28","Venezia","Atalanta",0.2341,0.2717,0.4942,1.1,1.68,https://theopenmodel.com/match/venezia-vs-atalanta-2027-03-14/
2027-03-14T17:30:00+00:00,serie-a,"Regular Season - 28","Parma","Lecce",0.4376,0.2802,0.2822,1.56,1.22,https://theopenmodel.com/match/parma-vs-lecce-2027-03-14/
2027-03-14T17:30:00+00:00,serie-a,"Regular Season - 28","Como","Udinese",0.5473,0.2599,0.1927,1.79,0.99,https://theopenmodel.com/match/como-vs-udinese-2027-03-14/
2027-03-20T14:30:00+00:00,bundesliga,"Regular Season - 27","Freiburg","Elversberg",0.6539,0.2263,0.1198,2.02,0.77,https://theopenmodel.com/match/freiburg-vs-elversberg-2027-03-20/
2027-03-20T14:30:00+00:00,bundesliga,"Regular Season - 27","Mainz","Augsburg",0.4562,0.2779,0.266,1.6,1.18,https://theopenmodel.com/match/mainz-vs-augsburg-2027-03-20/
2027-03-20T14:30:00+00:00,bundesliga,"Regular Season - 27","Dortmund","Gladbach",0.6453,0.2295,0.1252,2,0.78,https://theopenmodel.com/match/dortmund-vs-gladbach-2027-03-20/
2027-03-20T14:30:00+00:00,bundesliga,"Regular Season - 27","Hoffenheim","Frankfurt",0.4575,0.2777,0.2648,1.6,1.18,https://theopenmodel.com/match/hoffenheim-vs-frankfurt-2027-03-20/
2027-03-20T14:30:00+00:00,bundesliga,"Regular Season - 27","Stuttgart","Schalke",0.7021,0.2066,0.0913,2.12,0.66,https://theopenmodel.com/match/stuttgart-vs-schalke-2027-03-20/
2027-03-20T14:30:00+00:00,bundesliga,"Regular Season - 27","RB Leipzig","Union Berlin",0.5847,0.2497,0.1656,1.87,0.91,https://theopenmodel.com/match/rb-leipzig-vs-union-berlin-2027-03-20/
2027-03-20T14:30:00+00:00,bundesliga,"Regular Season - 27","Hamburg","Werder",0.4094,0.2829,0.3076,1.5,1.28,https://theopenmodel.com/match/hamburg-vs-werder-2027-03-20/
2027-03-20T14:30:00+00:00,bundesliga,"Regular Season - 27","Paderborn","Leverkusen",0.1348,0.2349,0.6303,0.82,1.97,https://theopenmodel.com/match/paderborn-vs-leverkusen-2027-03-20/
2027-03-20T14:30:00+00:00,bundesliga,"Regular Season - 27","Koeln","Bayern",0.0437,0.1589,0.7974,0.43,2.35,https://theopenmodel.com/match/koeln-vs-bayern-2027-03-20/
2027-03-20T15:00:00+00:00,premier-league,"Regular Season - 30","Newcastle","Leeds",0.4467,0.2791,0.2741,1.58,1.2,https://theopenmodel.com/match/newcastle-vs-leeds-2027-03-20/
2027-03-20T15:00:00+00:00,premier-league,"Regular Season - 30","Fulham","Liverpool",0.3032,0.2826,0.4142,1.27,1.51,https://theopenmodel.com/match/fulham-vs-liverpool-2027-03-20/
2027-03-20T15:00:00+00:00,premier-league,"Regular Season - 30","Arsenal","Sunderland",0.803,0.1557,0.0413,2.37,0.42,https://theopenmodel.com/match/arsenal-vs-sunderland-2027-03-20/
2027-03-20T15:00:00+00:00,premier-league,"Regular Season - 30","Everton","Tottenham",0.4733,0.2753,0.2514,1.64,1.14,https://theopenmodel.com/match/everton-vs-tottenham-2027-03-20/
2027-03-20T15:00:00+00:00,premier-league,"Regular Season - 30","Man City","Man United",0.5113,0.2683,0.2204,1.72,1.07,https://theopenmodel.com/match/man-city-vs-man-united-2027-03-20/
2027-03-20T15:00:00+00:00,premier-league,"Regular Season - 30","Brighton","Coventry",0.6321,0.2342,0.1336,1.97,0.81,https://theopenmodel.com/match/brighton-vs-coventry-2027-03-20/
2027-03-20T15:00:00+00:00,premier-league,"Regular Season - 30","Brentford","Bournemouth",0.3861,0.2843,0.3296,1.45,1.33,https://theopenmodel.com/match/brentford-vs-bournemouth-2027-03-20/
2027-03-20T15:00:00+00:00,premier-league,"Regular Season - 30","Ipswich","Crystal Palace",0.2581,0.2765,0.4654,1.16,1.62,https://theopenmodel.com/match/ipswich-vs-crystal-palace-2027-03-20/
2027-03-20T15:00:00+00:00,premier-league,"Regular Season - 30","Hull","Chelsea",0.1396,0.2374,0.623,0.83,1.95,https://theopenmodel.com/match/hull-vs-chelsea-2027-03-20/
2027-03-20T15:00:00+00:00,premier-league,"Regular Season - 30","Forest","Aston Villa",0.2886,0.281,0.4303,1.23,1.55,https://theopenmodel.com/match/forest-vs-aston-villa-2027-03-20/
2027-03-20T16:00:00+00:00,ligue-1,"Regular Season - 25","Angers","Le Mans",0.4775,0.2746,0.2479,1.65,1.14,https://theopenmodel.com/match/angers-vs-le-mans-2027-03-20/
2027-03-20T16:00:00+00:00,ligue-1,"Regular Season - 25","Paris SG","Strasbourg",0.7326,0.1926,0.0748,2.19,0.59,https://theopenmodel.com/match/paris-sg-vs-strasbourg-2027-03-20/
2027-03-20T16:00:00+00:00,ligue-1,"Regular Season - 25","Monaco","Le Havre",0.5786,0.2515,0.1699,1.86,0.93,https://theopenmodel.com/match/monaco-vs-le-havre-2027-03-20/
2027-03-20T16:00:00+00:00,ligue-1,"Regular Season - 25","Rennes","Paris FC",0.5193,0.2666,0.2142,1.73,1.05,https://theopenmodel.com/match/rennes-vs-paris-fc-2027-03-20/
2027-03-20T16:00:00+00:00,ligue-1,"Regular Season - 25","Toulouse","Brest",0.4364,0.2804,0.2832,1.56,1.22,https://theopenmodel.com/match/toulouse-vs-brest-2027-03-20/
2027-03-20T16:00:00+00:00,ligue-1,"Regular Season - 25","Lorient","Nice",0.4821,0.2738,0.2441,1.66,1.13,https://theopenmodel.com/match/lorient-vs-nice-2027-03-20/
2027-03-20T16:00:00+00:00,ligue-1,"Regular Season - 25","Troyes","Auxerre",0.3075,0.2829,0.4095,1.28,1.5,https://theopenmodel.com/match/troyes-vs-auxerre-2027-03-20/
2027-03-20T16:00:00+00:00,ligue-1,"Regular Season - 25","Lens","Lille",0.4513,0.2785,0.2702,1.59,1.19,https://theopenmodel.com/match/lens-vs-lille-2027-03-20/
2027-03-21T16:00:00+00:00,la-liga,"Regular Season - 29","Atletico","Getafe",0.6328,0.234,0.1332,1.97,0.81,https://theopenmodel.com/match/atletico-vs-getafe-2027-03-21/
2027-03-21T16:00:00+00:00,la-liga,"Regular Season - 29","Valencia","Depor",0.5924,0.2473,0.1602,1.89,0.9,https://theopenmodel.com/match/valencia-vs-depor-2027-03-21/
2027-03-21T16:00:00+00:00,la-liga,"Regular Season - 29","Villarreal","Malaga",0.6425,0.2305,0.127,1.99,0.79,https://theopenmodel.com/match/villarreal-vs-malaga-2027-03-21/
2027-03-21T16:00:00+00:00,la-liga,"Regular Season - 29","Sevilla","Elche",0.4528,0.2783,0.2688,1.59,1.19,https://theopenmodel.com/match/sevilla-vs-elche-2027-03-21/
2027-03-21T16:00:00+00:00,la-liga,"Regular Season - 29","Celta","Real Madrid",0.1786,0.2549,0.5665,0.95,1.83,https://theopenmodel.com/match/celta-vs-real-madrid-2027-03-21/
2027-03-21T16:00:00+00:00,la-liga,"Regular Season - 29","Levante","Osasuna",0.3833,0.2844,0.3323,1.45,1.33,https://theopenmodel.com/match/levante-vs-osasuna-2027-03-21/
2027-03-21T16:00:00+00:00,la-liga,"Regular Season - 29","Espanyol","Bilbao",0.3921,0.284,0.3238,1.47,1.32,https://theopenmodel.com/match/espanyol-vs-bilbao-2027-03-21/
2027-03-21T16:00:00+00:00,la-liga,"Regular Season - 29","Sociedad","Alaves",0.4253,0.2815,0.2931,1.54,1.24,https://theopenmodel.com/match/sociedad-vs-alaves-2027-03-21/
2027-03-21T16:00:00+00:00,la-liga,"Regular Season - 29","Rayo Vallecano","Barcelona",0.151,0.2431,0.6059,0.87,1.91,https://theopenmodel.com/match/rayo-vallecano-vs-barcelona-2027-03-21/
2027-03-21T16:00:00+00:00,la-liga,"Regular Season - 29","Santander","Betis",0.2307,0.2709,0.4984,1.09,1.69,https://theopenmodel.com/match/santander-vs-betis-2027-03-21/
2027-03-21T17:30:00+00:00,serie-a,"Regular Season - 29","Sassuolo","Cagliari",0.4326,0.2808,0.2866,1.55,1.23,https://theopenmodel.com/match/sassuolo-vs-cagliari-2027-03-21/
2027-03-21T17:30:00+00:00,serie-a,"Regular Season - 29","Napoli","Venezia",0.6434,0.2302,0.1264,1.99,0.79,https://theopenmodel.com/match/napoli-vs-venezia-2027-03-21/
2027-03-21T17:30:00+00:00,serie-a,"Regular Season - 29","Udinese","Torino",0.4415,0.2798,0.2787,1.57,1.21,https://theopenmodel.com/match/udinese-vs-torino-2027-03-21/
2027-03-21T17:30:00+00:00,serie-a,"Regular Season - 29","Juventus","Como",0.4302,0.2811,0.2887,1.55,1.23,https://theopenmodel.com/match/juventus-vs-como-2027-03-21/
2027-03-21T17:30:00+00:00,serie-a,"Regular Season - 29","Roma","Lecce",0.6813,0.2154,0.1033,2.08,0.71,https://theopenmodel.com/match/roma-vs-lecce-2027-03-21/
2027-03-21T17:30:00+00:00,serie-a,"Regular Season - 29","Atalanta","Milan",0.43,0.2811,0.289,1.55,1.24,https://theopenmodel.com/match/atalanta-vs-milan-2027-03-21/
2027-03-21T17:30:00+00:00,serie-a,"Regular Season - 29","Fiorentina","Genoa",0.489,0.2726,0.2384,1.67,1.11,https://theopenmodel.com/match/fiorentina-vs-genoa-2027-03-21/
2027-03-21T17:30:00+00:00,serie-a,"Regular Season - 29","Inter","Frosinone",0.7892,0.1635,0.0473,2.33,0.45,https://theopenmodel.com/match/inter-vs-frosinone-2027-03-21/
2027-03-21T17:30:00+00:00,serie-a,"Regular Season - 29","Parma","Lazio",0.2844,0.2805,0.4351,1.22,1.56,https://theopenmodel.com/match/parma-vs-lazio-2027-03-21/
2027-03-21T17:30:00+00:00,serie-a,"Regular Season - 29","Monza","Bologna",0.2384,0.2726,0.4889,1.11,1.67,https://theopenmodel.com/match/monza-vs-bologna-2027-03-21/
2027-03-21T19:45:00+00:00,ligue-1,"Regular Season - 25","Marseille","Lyon",0.3972,0.2838,0.319,1.48,1.3,https://theopenmodel.com/match/marseille-vs-lyon-2027-03-21/
2027-04-03T13:30:00+00:00,bundesliga,"Regular Season - 28","Bayern","Hamburg",0.8495,0.1268,0.0237,2.51,0.3,https://theopenmodel.com/match/bayern-vs-hamburg-2027-04-03/
2027-04-03T13:30:00+00:00,bundesliga,"Regular Season - 28","Gladbach","Werder",0.4553,0.278,0.2667,1.6,1.18,https://theopenmodel.com/match/gladbach-vs-werder-2027-04-03/
2027-04-03T13:30:00+00:00,bundesliga,"Regular Season - 28","Leverkusen","Dortmund",0.3781,0.2846,0.3373,1.44,1.35,https://theopenmodel.com/match/leverkusen-vs-dortmund-2027-04-03/
2027-04-03T13:30:00+00:00,bundesliga,"Regular Season - 28","Frankfurt","Stuttgart",0.3007,0.2823,0.417,1.26,1.52,https://theopenmodel.com/match/frankfurt-vs-stuttgart-2027-04-03/
2027-04-03T13:30:00+00:00,bundesliga,"Regular Season - 28","Augsburg","Hoffenheim",0.3403,0.2847,0.375,1.35,1.43,https://theopenmodel.com/match/augsburg-vs-hoffenheim-2027-04-03/
2027-04-03T13:30:00+00:00,bundesliga,"Regular Season - 28","RB Leipzig","Freiburg",0.458,0.2776,0.2644,1.6,1.18,https://theopenmodel.com/match/rb-leipzig-vs-freiburg-2027-04-03/
2027-04-03T13:30:00+00:00,bundesliga,"Regular Season - 28","Schalke","Paderborn",0.4073,0.2831,0.3096,1.5,1.28,https://theopenmodel.com/match/schalke-vs-paderborn-2027-04-03/
2027-04-03T13:30:00+00:00,bundesliga,"Regular Season - 28","Union Berlin","Mainz",0.3533,0.2849,0.3618,1.38,1.4,https://theopenmodel.com/match/union-berlin-vs-mainz-2027-04-03/
2027-04-03T13:30:00+00:00,bundesliga,"Regular Season - 28","Elversberg","Koeln",0.362,0.2849,0.353,1.4,1.38,https://theopenmodel.com/match/elversberg-vs-koeln-2027-04-03/
2027-04-03T15:00:00+00:00,ligue-1,"Regular Season - 26","Angers","Monaco",0.229,0.2704,0.5006,1.09,1.69,https://theopenmodel.com/match/angers-vs-monaco-2027-04-03/
2027-04-03T15:00:00+00:00,ligue-1,"Regular Season - 26","Lille","Rennes",0.4467,0.2791,0.2741,1.58,1.2,https://theopenmodel.com/match/lille-vs-rennes-2027-04-03/
2027-04-03T15:00:00+00:00,ligue-1,"Regular Season - 26","Nice","Lyon",0.235,0.2719,0.4931,1.1,1.68,https://theopenmodel.com/match/nice-vs-lyon-2027-04-03/
2027-04-03T15:00:00+00:00,ligue-1,"Regular Season - 26","Strasbourg","Toulouse",0.483,0.2737,0.2433,1.66,1.12,https://theopenmodel.com/match/strasbourg-vs-toulouse-2027-04-03/
2027-04-03T15:00:00+00:00,ligue-1,"Regular Season - 26","Brest","Lorient",0.3903,0.2841,0.3256,1.46,1.32,https://theopenmodel.com/match/brest-vs-lorient-2027-04-03/
2027-04-03T15:00:00+00:00,ligue-1,"Regular Season - 26","Auxerre","Lens",0.2396,0.2729,0.4875,1.11,1.67,https://theopenmodel.com/match/auxerre-vs-lens-2027-04-03/
2027-04-03T15:00:00+00:00,ligue-1,"Regular Season - 26","Le Havre","Troyes",0.4829,0.2737,0.2434,1.66,1.12,https://theopenmodel.com/match/le-havre-vs-troyes-2027-04-03/
2027-04-03T15:00:00+00:00,ligue-1,"Regular Season - 26","Paris FC","Paris SG",0.0924,0.2074,0.7001,0.66,2.12,https://theopenmodel.com/match/paris-fc-vs-paris-sg-2027-04-03/
2027-04-03T15:00:00+00:00,ligue-1,"Regular Season - 26","Le Mans","Marseille",0.1677,0.2506,0.5817,0.92,1.86,https://theopenmodel.com/match/le-mans-vs-marseille-2027-04-03/
2027-04-04T15:00:00+00:00,la-liga,"Regular Season - 30","Barcelona","Sevilla",0.7577,0.1803,0.0621,2.25,0.53,https://theopenmodel.com/match/barcelona-vs-sevilla-2027-04-04/
2027-04-04T15:00:00+00:00,la-liga,"Regular Season - 30","Bilbao","Santander",0.5017,0.2702,0.2281,1.7,1.09,https://theopenmodel.com/match/bilbao-vs-santander-2027-04-04/
2027-04-04T15:00:00+00:00,la-liga,"Regular Season - 30","Malaga","Osasuna",0.3163,0.2836,0.4002,1.3,1.48,https://theopenmodel.com/match/malaga-vs-osasuna-2027-04-04/
2027-04-04T15:00:00+00:00,la-liga,"Regular Season - 30","Levante","Rayo Vallecano",0.3339,0.2845,0.3816,1.34,1.44,https://theopenmodel.com/match/levante-vs-rayo-vallecano-2027-04-04/
2027-04-04T15:00:00+00:00,la-liga,"Regular Season - 30","Real Madrid","Atletico",0.5285,0.2645,0.207,1.75,1.03,https://theopenmodel.com/match/real-madrid-vs-atletico-2027-04-04/
2027-04-04T15:00:00+00:00,la-liga,"Regular Season - 30","Betis","Celta",0.4743,0.2751,0.2506,1.64,1.14,https://theopenmodel.com/match/betis-vs-celta-2027-04-04/
2027-04-04T15:00:00+00:00,la-liga,"Regular Season - 30","Depor","Villarreal",0.192,0.2597,0.5483,0.99,1.79,https://theopenmodel.com/match/depor-vs-villarreal-2027-04-04/
2027-04-04T15:00:00+00:00,la-liga,"Regular Season - 30","Getafe","Espanyol",0.4243,0.2816,0.2941,1.53,1.25,https://theopenmodel.com/match/getafe-vs-espanyol-2027-04-04/
2027-04-04T15:00:00+00:00,la-liga,"Regular Season - 30","Sociedad","Valencia",0.3765,0.2847,0.3388,1.43,1.35,https://theopenmodel.com/match/sociedad-vs-valencia-2027-04-04/
2027-04-04T15:00:00+00:00,la-liga,"Regular Season - 30","Elche","Alaves",0.3782,0.2846,0.3372,1.44,1.35,https://theopenmodel.com/match/elche-vs-alaves-2027-04-04/
2027-04-04T16:30:00+00:00,serie-a,"Regular Season - 30","Sassuolo","Atalanta",0.2573,0.2764,0.4663,1.16,1.62,https://theopenmodel.com/match/sassuolo-vs-atalanta-2027-04-04/
2027-04-04T16:30:00+00:00,serie-a,"Regular Season - 30","Milan","Monza",0.6625,0.2229,0.1145,2.04,0.75,https://theopenmodel.com/match/milan-vs-monza-2027-04-04/
2027-04-04T16:30:00+00:00,serie-a,"Regular Season - 30","Cagliari","Napoli",0.2147,0.2667,0.5186,1.05,1.73,https://theopenmodel.com/match/cagliari-vs-napoli-2027-04-04/
2027-04-04T16:30:00+00:00,serie-a,"Regular Season - 30","Genoa","Inter",0.1305,0.2325,0.6369,0.8,1.98,https://theopenmodel.com/match/genoa-vs-inter-2027-04-04/
2027-04-04T16:30:00+00:00,serie-a,"Regular Season - 30","Roma","Bologna",0.5243,0.2654,0.2102,1.74,1.04,https://theopenmodel.com/match/roma-vs-bologna-2027-04-04/
2027-04-04T16:30:00+00:00,serie-a,"Regular Season - 30","Torino","Juventus",0.2505,0.2751,0.4744,1.14,1.64,https://theopenmodel.com/match/torino-vs-juventus-2027-04-04/
2027-04-04T16:30:00+00:00,serie-a,"Regular Season - 30","Frosinone","Udinese",0.3197,0.2838,0.3965,1.31,1.48,https://theopenmodel.com/match/frosinone-vs-udinese-2027-04-04/
2027-04-04T16:30:00+00:00,serie-a,"Regular Season - 30","Venezia","Parma",0.4269,0.2814,0.2917,1.54,1.24,https://theopenmodel.com/match/venezia-vs-parma-2027-04-04/
2027-04-04T16:30:00+00:00,serie-a,"Regular Season - 30","Lecce","Lazio",0.2637,0.2775,0.4588,1.17,1.61,https://theopenmodel.com/match/lecce-vs-lazio-2027-04-04/
2027-04-04T16:30:00+00:00,serie-a,"Regular Season - 30","Como","Fiorentina",0.5198,0.2665,0.2138,1.73,1.05,https://theopenmodel.com/match/como-vs-fiorentina-2027-04-04/
2027-04-10T13:30:00+00:00,bundesliga,"Regular Season - 29","Werder","Frankfurt",0.3473,0.2849,0.3679,1.37,1.41,https://theopenmodel.com/match/werder-vs-frankfurt-2027-04-10/
2027-04-10T13:30:00+00:00,bundesliga,"Regular Season - 29","Gladbach","Leverkusen",0.2356,0.272,0.4924,1.1,1.68,https://theopenmodel.com/match/gladbach-vs-leverkusen-2027-04-10/
2027-04-10T13:30:00+00:00,bundesliga,"Regular Season - 29","Mainz","RB Leipzig",0.3116,0.2832,0.4052,1.29,1.49,https://theopenmodel.com/match/mainz-vs-rb-leipzig-2027-04-10/
2027-04-10T13:30:00+00:00,bundesliga,"Regular Season - 29","Dortmund","Schalke",0.7774,0.1699,0.0526,2.3,0.48,https://theopenmodel.com/match/dortmund-vs-schalke-2027-04-10/
2027-04-10T13:30:00+00:00,bundesliga,"Regular Season - 29","Hoffenheim","Freiburg",0.3854,0.2844,0.3303,1.45,1.33,https://theopenmodel.com/match/hoffenheim-vs-freiburg-2027-04-10/
2027-04-10T13:30:00+00:00,bundesliga,"Regular Season - 29","Stuttgart","Elversberg",0.698,0.2084,0.0936,2.11,0.67,https://theopenmodel.com/match/stuttgart-vs-elversberg-2027-04-10/
2027-04-10T13:30:00+00:00,bundesliga,"Regular Season - 29","Hamburg","Union Berlin",0.3937,0.284,0.3223,1.47,1.31,https://theopenmodel.com/match/hamburg-vs-union-berlin-2027-04-10/
2027-04-10T13:30:00+00:00,bundesliga,"Regular Season - 29","Paderborn","Bayern",0.0275,0.1349,0.8376,0.32,2.46,https://theopenmodel.com/match/paderborn-vs-bayern-2027-04-10/
2027-04-10T13:30:00+00:00,bundesliga,"Regular Season - 29","Koeln","Augsburg",0.3356,0.2846,0.3798,1.34,1.44,https://theopenmodel.com/match/koeln-vs-augsburg-2027-04-10/
2027-04-10T14:00:00+00:00,premier-league,"Regular Season - 31","Man United","Hull",0.7931,0.1613,0.0456,2.34,0.44,https://theopenmodel.com/match/man-united-vs-hull-2027-04-10/
2027-04-10T14:00:00+00:00,premier-league,"Regular Season - 31","Bournemouth","Man City",0.3019,0.2824,0.4157,1.27,1.52,https://theopenmodel.com/match/bournemouth-vs-man-city-2027-04-10/
2027-04-10T14:00:00+00:00,premier-league,"Regular Season - 31","Liverpool","Newcastle",0.5016,0.2702,0.2282,1.7,1.09,https://theopenmodel.com/match/liverpool-vs-newcastle-2027-04-10/
2027-04-10T14:00:00+00:00,premier-league,"Regular Season - 31","Tottenham","Brentford",0.32,0.2838,0.3962,1.31,1.47,https://theopenmodel.com/match/tottenham-vs-brentford-2027-04-10/
2027-04-10T14:00:00+00:00,premier-league,"Regular Season - 31","Chelsea","Fulham",0.4353,0.2805,0.2842,1.56,1.22,https://theopenmodel.com/match/chelsea-vs-fulham-2027-04-10/
2027-04-10T14:00:00+00:00,premier-league,"Regular Season - 31","Crystal Palace","Everton",0.386,0.2843,0.3297,1.45,1.33,https://theopenmodel.com/match/crystal-palace-vs-everton-2027-04-10/
2027-04-10T14:00:00+00:00,premier-league,"Regular Season - 31","Leeds","Forest",0.4142,0.2826,0.3032,1.51,1.27,https://theopenmodel.com/match/leeds-vs-forest-2027-04-10/
2027-04-10T14:00:00+00:00,premier-league,"Regular Season - 31","Aston Villa","Brighton",0.5084,0.2689,0.2227,1.71,1.07,https://theopenmodel.com/match/aston-villa-vs-brighton-2027-04-10/
2027-04-10T14:00:00+00:00,premier-league,"Regular Season - 31","Sunderland","Ipswich",0.5025,0.27,0.2274,1.7,1.08,https://theopenmodel.com/match/sunderland-vs-ipswich-2027-04-10/
2027-04-10T14:00:00+00:00,premier-league,"Regular Season - 31","Coventry","Arsenal",0.0554,0.1731,0.7715,0.5,2.29,https://theopenmodel.com/match/coventry-vs-arsenal-2027-04-10/
2027-04-10T15:00:00+00:00,ligue-1,"Regular Season - 27","Lille","Toulouse",0.5407,0.2616,0.1977,1.78,1,https://theopenmodel.com/match/lille-vs-toulouse-2027-04-10/
2027-04-10T15:00:00+00:00,ligue-1,"Regular Season - 27","Lyon","Strasbourg",0.4738,0.2752,0.251,1.64,1.14,https://theopenmodel.com/match/lyon-vs-strasbourg-2027-04-10/
2027-04-10T15:00:00+00:00,ligue-1,"Regular Season - 27","Marseille","Brest",0.549,0.2595,0.1915,1.79,0.99,https://theopenmodel.com/match/marseille-vs-brest-2027-04-10/
2027-04-10T15:00:00+00:00,ligue-1,"Regular Season - 27","Nice","Paris FC",0.3608,0.2849,0.3543,1.4,1.38,https://theopenmodel.com/match/nice-vs-paris-fc-2027-04-10/
2027-04-10T15:00:00+00:00,ligue-1,"Regular Season - 27","Paris SG","Le Havre",0.8462,0.1295,0.0243,2.48,0.3,https://theopenmodel.com/match/paris-sg-vs-le-havre-2027-04-10/
2027-04-10T15:00:00+00:00,ligue-1,"Regular Season - 27","Monaco","Rennes",0.4157,0.2824,0.3019,1.52,1.27,https://theopenmodel.com/match/monaco-vs-rennes-2027-04-10/
2027-04-10T15:00:00+00:00,ligue-1,"Regular Season - 27","Lorient","Lens",0.2631,0.2774,0.4595,1.17,1.61,https://theopenmodel.com/match/lorient-vs-lens-2027-04-10/
2027-04-10T15:00:00+00:00,ligue-1,"Regular Season - 27","Troyes","Angers",0.3846,0.2844,0.331,1.45,1.33,https://theopenmodel.com/match/troyes-vs-angers-2027-04-10/
2027-04-10T15:00:00+00:00,ligue-1,"Regular Season - 27","Le Mans","Auxerre",0.2776,0.2796,0.4428,1.21,1.57,https://theopenmodel.com/match/le-mans-vs-auxerre-2027-04-10/
2027-04-11T15:00:00+00:00,la-liga,"Regular Season - 31","Atletico","Levante",0.6611,0.2235,0.1154,2.03,0.75,https://theopenmodel.com/match/atletico-vs-levante-2027-04-11/
2027-04-11T15:00:00+00:00,la-liga,"Regular Season - 31","Valencia","Getafe",0.4702,0.2758,0.254,1.63,1.15,https://theopenmodel.com/match/valencia-vs-getafe-2027-04-11/
2027-04-11T15:00:00+00:00,la-liga,"Regular Season - 31","Villarreal","Bilbao",0.5311,0.2639,0.205,1.76,1.02,https://theopenmodel.com/match/villarreal-vs-bilbao-2027-04-11/
2027-04-11T15:00:00+00:00,la-liga,"Regular Season - 31","Sevilla","Depor",0.5448,0.2606,0.1946,1.79,1,https://theopenmodel.com/match/sevilla-vs-depor-2027-04-11/
2027-04-11T15:00:00+00:00,la-liga,"Regular Season - 31","Celta","Elche",0.509,0.2687,0.2222,1.71,1.07,https://theopenmodel.com/match/celta-vs-elche-2027-04-11/
2027-04-11T15:00:00+00:00,la-liga,"Regular Season - 31","Espanyol","Malaga",0.5037,0.2698,0.2265,1.7,1.08,https://theopenmodel.com/match/espanyol-vs-malaga-2027-04-11/
2027-04-11T15:00:00+00:00,la-liga,"Regular Season - 31","Alaves","Betis",0.3014,0.2824,0.4162,1.26,1.52,https://theopenmodel.com/match/alaves-vs-betis-2027-04-11/
2027-04-11T15:00:00+00:00,la-liga,"Regular Season - 31","Osasuna","Real Madrid",0.136,0.2355,0.6285,0.82,1.96,https://theopenmodel.com/match/osasuna-vs-real-madrid-2027-04-11/
2027-04-11T15:00:00+00:00,la-liga,"Regular Season - 31","Rayo Vallecano","Sociedad",0.45,0.2787,0.2713,1.59,1.19,https://theopenmodel.com/match/rayo-vallecano-vs-sociedad-2027-04-11/
2027-04-11T15:00:00+00:00,la-liga,"Regular Season - 31","Santander","Barcelona",0.0764,0.1941,0.7294,0.6,2.19,https://theopenmodel.com/match/santander-vs-barcelona-2027-04-11/
2027-04-11T16:30:00+00:00,serie-a,"Regular Season - 31","Lazio","Torino",0.5086,0.2688,0.2226,1.71,1.07,https://theopenmodel.com/match/lazio-vs-torino-2027-04-11/
2027-04-11T16:30:00+00:00,serie-a,"Regular Season - 31","Cagliari","Atalanta",0.2415,0.2733,0.4852,1.12,1.66,https://theopenmodel.com/match/cagliari-vs-atalanta-2027-04-11/
2027-04-11T16:30:00+00:00,serie-a,"Regular Season - 31","Napoli","Sassuolo",0.6163,0.2397,0.144,1.94,0.85,https://theopenmodel.com/match/napoli-vs-sassuolo-2027-04-11/
2027-04-11T16:30:00+00:00,serie-a,"Regular Season - 31","Udinese","Monza",0.5413,0.2614,0.1972,1.78,1,https://theopenmodel.com/match/udinese-vs-monza-2027-04-11/
2027-04-11T16:30:00+00:00,serie-a,"Regular Season - 31","Juventus","Lecce",0.6572,0.225,0.1178,2.02,0.76,https://theopenmodel.com/match/juventus-vs-lecce-2027-04-11/
2027-04-11T16:30:00+00:00,serie-a,"Regular Season - 31","Bologna","Venezia",0.5367,0.2626,0.2007,1.77,1.01,https://theopenmodel.com/match/bologna-vs-venezia-2027-04-11/
2027-04-11T16:30:00+00:00,serie-a,"Regular Season - 31","Fiorentina","Milan",0.3227,0.284,0.3933,1.31,1.47,https://theopenmodel.com/match/fiorentina-vs-milan-2027-04-11/
2027-04-11T16:30:00+00:00,serie-a,"Regular Season - 31","Inter","Roma",0.5314,0.2638,0.2048,1.76,1.02,https://theopenmodel.com/match/inter-vs-roma-2027-04-11/
2027-04-11T16:30:00+00:00,serie-a,"Regular Season - 31","Frosinone","Genoa",0.3645,0.2849,0.3506,1.41,1.38,https://theopenmodel.com/match/frosinone-vs-genoa-2027-04-11/
2027-04-11T16:30:00+00:00,serie-a,"Regular Season - 31","Parma","Como",0.2283,0.2703,0.5014,1.09,1.7,https://theopenmodel.com/match/parma-vs-como-2027-04-11/
2027-04-17T13:30:00+00:00,bundesliga,"Regular Season - 30","Bayern","Hoffenheim",0.7625,0.1778,0.0597,2.26,0.52,https://theopenmodel.com/match/bayern-vs-hoffenheim-2027-04-17/
2027-04-17T13:30:00+00:00,bundesliga,"Regular Season - 30","Freiburg","Mainz",0.4771,0.2747,0.2482,1.65,1.14,https://theopenmodel.com/match/freiburg-vs-mainz-2027-04-17/
2027-04-17T13:30:00+00:00,bundesliga,"Regular Season - 30","Leverkusen","Werder",0.6499,0.2278,0.1223,2.01,0.77,https://theopenmodel.com/match/leverkusen-vs-werder-2027-04-17/
2027-04-17T13:30:00+00:00,bundesliga,"Regular Season - 30","Frankfurt","Gladbach",0.4412,0.2798,0.2789,1.57,1.21,https://theopenmodel.com/match/frankfurt-vs-gladbach-2027-04-17/
2027-04-17T13:30:00+00:00,bundesliga,"Regular Season - 30","Augsburg","Dortmund",0.2022,0.263,0.5348,1.02,1.76,https://theopenmodel.com/match/augsburg-vs-dortmund-2027-04-17/
2027-04-17T13:30:00+00:00,bundesliga,"Regular Season - 30","RB Leipzig","Koeln",0.6449,0.2296,0.1255,2,0.78,https://theopenmodel.com/match/rb-leipzig-vs-koeln-2027-04-17/
2027-04-17T13:30:00+00:00,bundesliga,"Regular Season - 30","Schalke","Hamburg",0.3199,0.2838,0.3963,1.31,1.47,https://theopenmodel.com/match/schalke-vs-hamburg-2027-04-17/
2027-04-17T13:30:00+00:00,bundesliga,"Regular Season - 30","Union Berlin","Stuttgart",0.2543,0.2759,0.4698,1.15,1.63,https://theopenmodel.com/match/union-berlin-vs-stuttgart-2027-04-17/
2027-04-17T13:30:00+00:00,bundesliga,"Regular Season - 30","Elversberg","Paderborn",0.4117,0.2828,0.3056,1.51,1.27,https://theopenmodel.com/match/elversberg-vs-paderborn-2027-04-17/
2027-04-17T14:00:00+00:00,premier-league,"Regular Season - 32","Newcastle","Tottenham",0.4996,0.2706,0.2297,1.69,1.09,https://theopenmodel.com/match/newcastle-vs-tottenham-2027-04-17/
2027-04-17T14:00:00+00:00,premier-league,"Regular Season - 32","Fulham","Sunderland",0.5194,0.2665,0.2141,1.73,1.05,https://theopenmodel.com/match/fulham-vs-sunderland-2027-04-17/
2027-04-17T14:00:00+00:00,premier-league,"Regular Season - 32","Arsenal","Aston Villa",0.5877,0.2488,0.1636,1.88,0.91,https://theopenmodel.com/match/arsenal-vs-aston-villa-2027-04-17/
2027-04-17T14:00:00+00:00,premier-league,"Regular Season - 32","Everton","Bournemouth",0.3489,0.2849,0.3663,1.37,1.41,https://theopenmodel.com/match/everton-vs-bournemouth-2027-04-17/
2027-04-17T14:00:00+00:00,premier-league,"Regular Season - 32","Man City","Crystal Palace",0.6282,0.2356,0.1362,1.96,0.82,https://theopenmodel.com/match/man-city-vs-crystal-palace-2027-04-17/
2027-04-17T14:00:00+00:00,premier-league,"Regular Season - 32","Brighton","Chelsea",0.4269,0.2814,0.2917,1.54,1.24,https://theopenmodel.com/match/brighton-vs-chelsea-2027-04-17/
2027-04-17T14:00:00+00:00,premier-league,"Regular Season - 32","Brentford","Leeds",0.4594,0.2774,0.2632,1.61,1.17,https://theopenmodel.com/match/brentford-vs-leeds-2027-04-17/
2027-04-17T14:00:00+00:00,premier-league,"Regular Season - 32","Ipswich","Man United",0.1668,0.2502,0.583,0.92,1.87,https://theopenmodel.com/match/ipswich-vs-man-united-2027-04-17/
2027-04-17T14:00:00+00:00,premier-league,"Regular Season - 32","Hull","Coventry",0.3001,0.2823,0.4177,1.26,1.52,https://theopenmodel.com/match/hull-vs-coventry-2027-04-17/
2027-04-17T14:00:00+00:00,premier-league,"Regular Season - 32","Forest","Liverpool",0.2995,0.2822,0.4183,1.26,1.52,https://theopenmodel.com/match/forest-vs-liverpool-2027-04-17/
2027-04-17T15:00:00+00:00,ligue-1,"Regular Season - 28","Angers","Lyon",0.2021,0.263,0.5349,1.02,1.77,https://theopenmodel.com/match/angers-vs-lyon-2027-04-17/
2027-04-17T15:00:00+00:00,ligue-1,"Regular Season - 28","Paris SG","Lille",0.6798,0.216,0.1041,2.07,0.71,https://theopenmodel.com/match/paris-sg-vs-lille-2027-04-17/
2027-04-17T15:00:00+00:00,ligue-1,"Regular Season - 28","Monaco","Strasbourg",0.4397,0.28,0.2803,1.57,1.21,https://theopenmodel.com/match/monaco-vs-strasbourg-2027-04-17/
2027-04-17T15:00:00+00:00,ligue-1,"Regular Season - 28","Rennes","Troyes",0.645,0.2296,0.1254,2,0.78,https://theopenmodel.com/match/rennes-vs-troyes-2027-04-17/
2027-04-17T15:00:00+00:00,ligue-1,"Regular Season - 28","Toulouse","Paris FC",0.4256,0.2815,0.2929,1.54,1.24,https://theopenmodel.com/match/toulouse-vs-paris-fc-2027-04-17/
2027-04-17T15:00:00+00:00,ligue-1,"Regular Season - 28","Brest","Le Mans",0.5635,0.2557,0.1808,1.82,0.96,https://theopenmodel.com/match/brest-vs-le-mans-2027-04-17/
2027-04-17T15:00:00+00:00,ligue-1,"Regular Season - 28","Auxerre","Lorient",0.3868,0.2843,0.3289,1.45,1.33,https://theopenmodel.com/match/auxerre-vs-lorient-2027-04-17/
2027-04-17T15:00:00+00:00,ligue-1,"Regular Season - 28","Le Havre","Marseille",0.2471,0.2745,0.4785,1.13,1.65,https://theopenmodel.com/match/le-havre-vs-marseille-2027-04-17/
2027-04-17T15:00:00+00:00,ligue-1,"Regular Season - 28","Lens","Nice",0.644,0.23,0.126,1.99,0.79,https://theopenmodel.com/match/lens-vs-nice-2027-04-17/
2027-04-18T15:00:00+00:00,la-liga,"Regular Season - 32","Barcelona","Espanyol",0.7742,0.1716,0.0542,2.29,0.49,https://theopenmodel.com/match/barcelona-vs-espanyol-2027-04-18/
2027-04-18T15:00:00+00:00,la-liga,"Regular Season - 32","Atletico","Sevilla",0.6242,0.237,0.1388,1.95,0.83,https://theopenmodel.com/match/atletico-vs-sevilla-2027-04-18/
2027-04-18T15:00:00+00:00,la-liga,"Regular Season - 32","Malaga","Valencia",0.268,0.2782,0.4538,1.19,1.6,https://theopenmodel.com/match/malaga-vs-valencia-2027-04-18/
2027-04-18T15:00:00+00:00,la-liga,"Regular Season - 32","Levante","Villarreal",0.2668,0.278,0.4552,1.18,1.6,https://theopenmodel.com/match/levante-vs-villarreal-2027-04-18/
2027-04-18T15:00:00+00:00,la-liga,"Regular Season - 32","Alaves","Rayo Vallecano",0.3676,0.2849,0.3475,1.41,1.37,https://theopenmodel.com/match/alaves-vs-rayo-vallecano-2027-04-18/
2027-04-18T15:00:00+00:00,la-liga,"Regular Season - 32","Betis","Bilbao",0.5275,0.2647,0.2078,1.75,1.03,https://theopenmodel.com/match/betis-vs-bilbao-2027-04-18/
2027-04-18T15:00:00+00:00,la-liga,"Regular Season - 32","Depor","Celta",0.2427,0.2735,0.4838,1.12,1.66,https://theopenmodel.com/match/depor-vs-celta-2027-04-18/
2027-04-18T15:00:00+00:00,la-liga,"Regular Season - 32","Getafe","Real Madrid",0.1345,0.2347,0.6307,0.82,1.97,https://theopenmodel.com/match/getafe-vs-real-madrid-2027-04-18/
2027-04-18T15:00:00+00:00,la-liga,"Regular Season - 32","Sociedad","Santander",0.5077,0.269,0.2233,1.71,1.07,https://theopenmodel.com/match/sociedad-vs-santander-2027-04-18/
2027-04-18T15:00:00+00:00,la-liga,"Regular Season - 32","Elche","Osasuna",0.3822,0.2845,0.3333,1.44,1.34,https://theopenmodel.com/match/elche-vs-osasuna-2027-04-18/
2027-04-18T16:30:00+00:00,serie-a,"Regular Season - 32","Sassuolo","Lecce",0.4783,0.2745,0.2472,1.65,1.13,https://theopenmodel.com/match/sassuolo-vs-lecce-2027-04-18/
2027-04-18T16:30:00+00:00,serie-a,"Regular Season - 32","Milan","Napoli",0.3661,0.2849,0.349,1.41,1.37,https://theopenmodel.com/match/milan-vs-napoli-2027-04-18/
2027-04-18T16:30:00+00:00,serie-a,"Regular Season - 32","Roma","Lazio",0.522,0.2659,0.212,1.74,1.04,https://theopenmodel.com/match/roma-vs-lazio-2027-04-18/
2027-04-18T16:30:00+00:00,serie-a,"Regular Season - 32","Atalanta","Udinese",0.5532,0.2584,0.1883,1.8,0.98,https://theopenmodel.com/match/atalanta-vs-udinese-2027-04-18/
2027-04-18T16:30:00+00:00,serie-a,"Regular Season - 32","Bologna","Cagliari",0.5277,0.2647,0.2076,1.75,1.03,https://theopenmodel.com/match/bologna-vs-cagliari-2027-04-18/
2027-04-18T16:30:00+00:00,serie-a,"Regular Season - 32","Fiorentina","Parma",0.5124,0.268,0.2196,1.72,1.06,https://theopenmodel.com/match/fiorentina-vs-parma-2027-04-18/
2027-04-18T16:30:00+00:00,serie-a,"Regular Season - 32","Torino","Genoa",0.4339,0.2807,0.2855,1.55,1.23,https://theopenmodel.com/match/torino-vs-genoa-2027-04-18/
2027-04-18T16:30:00+00:00,serie-a,"Regular Season - 32","Venezia","Juventus",0.2256,0.2696,0.5048,1.08,1.7,https://theopenmodel.com/match/venezia-vs-juventus-2027-04-18/
2027-04-18T16:30:00+00:00,serie-a,"Regular Season - 32","Como","Frosinone",0.6452,0.2295,0.1253,2,0.78,https://theopenmodel.com/match/como-vs-frosinone-2027-04-18/
2027-04-18T16:30:00+00:00,serie-a,"Regular Season - 32","Monza","Inter",0.0858,0.2022,0.712,0.64,2.15,https://theopenmodel.com/match/monza-vs-inter-2027-04-18/
2027-04-21T15:00:00+00:00,la-liga,"Regular Season - 33","Bilbao","Depor",0.5479,0.2598,0.1923,1.79,0.99,https://theopenmodel.com/match/bilbao-vs-depor-2027-04-21/
2027-04-21T15:00:00+00:00,la-liga,"Regular Season - 33","Valencia","Rayo Vallecano",0.4162,0.2824,0.3014,1.52,1.26,https://theopenmodel.com/match/valencia-vs-rayo-vallecano-2027-04-21/
2027-04-21T15:00:00+00:00,la-liga,"Regular Season - 33","Villarreal","Atletico",0.3275,0.2842,0.3883,1.32,1.46,https://theopenmodel.com/match/villarreal-vs-atletico-2027-04-21/
2027-04-21T15:00:00+00:00,la-liga,"Regular Season - 33","Sevilla","Levante",0.4517,0.2785,0.2698,1.59,1.19,https://theopenmodel.com/match/sevilla-vs-levante-2027-04-21/
2027-04-21T15:00:00+00:00,la-liga,"Regular Season - 33","Celta","Barcelona",0.1582,0.2464,0.5954,0.89,1.89,https://theopenmodel.com/match/celta-vs-barcelona-2027-04-21/
2027-04-21T15:00:00+00:00,la-liga,"Regular Season - 33","Espanyol","Sociedad",0.3863,0.2843,0.3294,1.45,1.33,https://theopenmodel.com/match/espanyol-vs-sociedad-2027-04-21/
2027-04-21T15:00:00+00:00,la-liga,"Regular Season - 33","Real Madrid","Elche",0.7664,0.1757,0.0578,2.27,0.51,https://theopenmodel.com/match/real-madrid-vs-elche-2027-04-21/
2027-04-21T15:00:00+00:00,la-liga,"Regular Season - 33","Getafe","Betis",0.2956,0.2818,0.4226,1.25,1.53,https://theopenmodel.com/match/getafe-vs-betis-2027-04-21/
2027-04-21T15:00:00+00:00,la-liga,"Regular Season - 33","Osasuna","Alaves",0.4099,0.2829,0.3072,1.5,1.28,https://theopenmodel.com/match/osasuna-vs-alaves-2027-04-21/
2027-04-21T15:00:00+00:00,la-liga,"Regular Season - 33","Santander","Malaga",0.4382,0.2802,0.2817,1.56,1.22,https://theopenmodel.com/match/santander-vs-malaga-2027-04-21/
2027-04-24T13:30:00+00:00,bundesliga,"Regular Season - 31","Werder","Bayern",0.0613,0.1794,0.7593,0.53,2.26,https://theopenmodel.com/match/werder-vs-bayern-2027-04-24/
2027-04-24T13:30:00+00:00,bundesliga,"Regular Season - 31","Gladbach","Schalke",0.5591,0.2569,0.184,1.82,0.97,https://theopenmodel.com/match/gladbach-vs-schalke-2027-04-24/
2027-04-24T13:30:00+00:00,bundesliga,"Regular Season - 31","Dortmund","RB Leipzig",0.5011,0.2703,0.2286,1.69,1.09,https://theopenmodel.com/match/dortmund-vs-rb-leipzig-2027-04-24/
2027-04-24T13:30:00+00:00,bundesliga,"Regular Season - 31","Hoffenheim","Union Berlin",0.5108,0.2684,0.2208,1.72,1.07,https://theopenmodel.com/match/hoffenheim-vs-union-berlin-2027-04-24/
2027-04-24T13:30:00+00:00,bundesliga,"Regular Season - 31","Frankfurt","Leverkusen",0.2586,0.2766,0.4648,1.16,1.62,https://theopenmodel.com/match/frankfurt-vs-leverkusen-2027-04-24/
2027-04-24T13:30:00+00:00,bundesliga,"Regular Season - 31","Stuttgart","Freiburg",0.4602,0.2773,0.2625,1.61,1.17,https://theopenmodel.com/match/stuttgart-vs-freiburg-2027-04-24/
2027-04-24T13:30:00+00:00,bundesliga,"Regular Season - 31","Hamburg","Elversberg",0.5081,0.2689,0.223,1.71,1.07,https://theopenmodel.com/match/hamburg-vs-elversberg-2027-04-24/
2027-04-24T13:30:00+00:00,bundesliga,"Regular Season - 31","Paderborn","Augsburg",0.289,0.2811,0.43,1.24,1.55,https://theopenmodel.com/match/paderborn-vs-augsburg-2027-04-24/
2027-04-24T13:30:00+00:00,bundesliga,"Regular Season - 31","Koeln","Mainz",0.2967,0.2819,0.4213,1.25,1.53,https://theopenmodel.com/match/koeln-vs-mainz-2027-04-24/
2027-04-24T14:00:00+00:00,premier-league,"Regular Season - 33","Man United","Crystal Palace",0.5312,0.2639,0.2049,1.76,1.02,https://theopenmodel.com/match/man-united-vs-crystal-palace-2027-04-24/
2027-04-24T14:00:00+00:00,premier-league,"Regular Season - 33","Newcastle","Ipswich",0.6367,0.2326,0.1307,1.98,0.8,https://theopenmodel.com/match/newcastle-vs-ipswich-2027-04-24/
2027-04-24T14:00:00+00:00,premier-league,"Regular Season - 33","Bournemouth","Arsenal",0.2062,0.2643,0.5295,1.03,1.75,https://theopenmodel.com/match/bournemouth-vs-arsenal-2027-04-24/
2027-04-24T14:00:00+00:00,premier-league,"Regular Season - 33","Everton","Brighton",0.3832,0.2844,0.3324,1.45,1.33,https://theopenmodel.com/match/everton-vs-brighton-2027-04-24/
2027-04-24T14:00:00+00:00,premier-league,"Regular Season - 33","Tottenham","Hull",0.6604,0.2238,0.1158,2.03,0.75,https://theopenmodel.com/match/tottenham-vs-hull-2027-04-24/
2027-04-24T14:00:00+00:00,premier-league,"Regular Season - 33","Chelsea","Man City",0.259,0.2767,0.4643,1.16,1.62,https://theopenmodel.com/match/chelsea-vs-man-city-2027-04-24/
2027-04-24T14:00:00+00:00,premier-league,"Regular Season - 33","Brentford","Fulham",0.4556,0.278,0.2665,1.6,1.18,https://theopenmodel.com/match/brentford-vs-fulham-2027-04-24/
2027-04-24T14:00:00+00:00,premier-league,"Regular Season - 33","Leeds","Liverpool",0.2998,0.2822,0.418,1.26,1.52,https://theopenmodel.com/match/leeds-vs-liverpool-2027-04-24/
2027-04-24T14:00:00+00:00,premier-league,"Regular Season - 33","Forest","Sunderland",0.5153,0.2674,0.2173,1.72,1.06,https://theopenmodel.com/match/forest-vs-sunderland-2027-04-24/
2027-04-24T14:00:00+00:00,premier-league,"Regular Season - 33","Aston Villa","Coventry",0.7214,0.1979,0.0807,2.17,0.61,https://theopenmodel.com/match/aston-villa-vs-coventry-2027-04-24/
2027-04-24T15:00:00+00:00,ligue-1,"Regular Season - 29","Lille","Monaco",0.4451,0.2793,0.2756,1.58,1.2,https://theopenmodel.com/match/lille-vs-monaco-2027-04-24/
2027-04-24T15:00:00+00:00,ligue-1,"Regular Season - 29","Lyon","Brest",0.5662,0.255,0.1789,1.83,0.95,https://theopenmodel.com/match/lyon-vs-brest-2027-04-24/
2027-04-24T15:00:00+00:00,ligue-1,"Regular Season - 29","Marseille","Auxerre",0.5526,0.2586,0.1888,1.8,0.98,https://theopenmodel.com/match/marseille-vs-auxerre-2027-04-24/
2027-04-24T15:00:00+00:00,ligue-1,"Regular Season - 29","Nice","Angers",0.4552,0.278,0.2668,1.6,1.18,https://theopenmodel.com/match/nice-vs-angers-2027-04-24/
2027-04-24T15:00:00+00:00,ligue-1,"Regular Season - 29","Strasbourg","Rennes",0.3903,0.2841,0.3256,1.46,1.32,https://theopenmodel.com/match/strasbourg-vs-rennes-2027-04-24/
2027-04-24T15:00:00+00:00,ligue-1,"Regular Season - 29","Lorient","Paris SG",0.0996,0.2128,0.6876,0.69,2.09,https://theopenmodel.com/match/lorient-vs-paris-sg-2027-04-24/
2027-04-24T15:00:00+00:00,ligue-1,"Regular Season - 29","Troyes","Toulouse",0.2841,0.2805,0.4354,1.22,1.56,https://theopenmodel.com/match/troyes-vs-toulouse-2027-04-24/
2027-04-24T15:00:00+00:00,ligue-1,"Regular Season - 29","Paris FC","Lens",0.2517,0.2754,0.4729,1.15,1.64,https://theopenmodel.com/match/paris-fc-vs-lens-2027-04-24/
2027-04-24T15:00:00+00:00,ligue-1,"Regular Season - 29","Le Mans","Le Havre",0.316,0.2836,0.4004,1.3,1.48,https://theopenmodel.com/match/le-mans-vs-le-havre-2027-04-24/
2027-04-25T16:30:00+00:00,serie-a,"Regular Season - 33","Lazio","Como",0.35,0.2849,0.3651,1.37,1.41,https://theopenmodel.com/match/lazio-vs-como-2027-04-25/
2027-04-25T16:30:00+00:00,serie-a,"Regular Season - 33","Cagliari","Monza",0.4919,0.2721,0.236,1.68,1.11,https://theopenmodel.com/match/cagliari-vs-monza-2027-04-25/
2027-04-25T16:30:00+00:00,serie-a,"Regular Season - 33","Napoli","Udinese",0.5863,0.2492,0.1645,1.87,0.91,https://theopenmodel.com/match/napoli-vs-udinese-2027-04-25/
2027-04-25T16:30:00+00:00,serie-a,"Regular Season - 33","Genoa","Sassuolo",0.3968,0.2838,0.3194,1.48,1.31,https://theopenmodel.com/match/genoa-vs-sassuolo-2027-04-25/
2027-04-25T16:30:00+00:00,serie-a,"Regular Season - 33","Juventus","Fiorentina",0.5363,0.2627,0.2011,1.77,1.01,https://theopenmodel.com/match/juventus-vs-fiorentina-2027-04-25/
2027-04-25T16:30:00+00:00,serie-a,"Regular Season - 33","Inter","Bologna",0.641,0.2311,0.1279,1.99,0.79,https://theopenmodel.com/match/inter-vs-bologna-2027-04-25/
2027-04-25T16:30:00+00:00,serie-a,"Regular Season - 33","Frosinone","Roma",0.1751,0.2535,0.5713,0.94,1.84,https://theopenmodel.com/match/frosinone-vs-roma-2027-04-25/
2027-04-25T16:30:00+00:00,serie-a,"Regular Season - 33","Venezia","Torino",0.3844,0.2844,0.3312,1.45,1.33,https://theopenmodel.com/match/venezia-vs-torino-2027-04-25/
2027-04-25T16:30:00+00:00,serie-a,"Regular Season - 33","Parma","Atalanta",0.2236,0.2691,0.5073,1.07,1.71,https://theopenmodel.com/match/parma-vs-atalanta-2027-04-25/
2027-04-25T16:30:00+00:00,serie-a,"Regular Season - 33","Lecce","Milan",0.2175,0.2675,0.5151,1.06,1.72,https://theopenmodel.com/match/lecce-vs-milan-2027-04-25/
2027-05-01T14:00:00+00:00,premier-league,"Regular Season - 34","Fulham","Everton",0.4111,0.2828,0.3061,1.51,1.28,https://theopenmodel.com/match/fulham-vs-everton-2027-05-01/
2027-05-01T14:00:00+00:00,premier-league,"Regular Season - 34","Liverpool","Chelsea",0.5093,0.2687,0.222,1.71,1.07,https://theopenmodel.com/match/liverpool-vs-chelsea-2027-05-01/
2027-05-01T14:00:00+00:00,premier-league,"Regular Season - 34","Arsenal","Tottenham",0.7622,0.1779,0.0599,2.26,0.52,https://theopenmodel.com/match/arsenal-vs-tottenham-2027-05-01/
2027-05-01T14:00:00+00:00,premier-league,"Regular Season - 34","Man City","Brentford",0.5611,0.2563,0.1825,1.82,0.96,https://theopenmodel.com/match/man-city-vs-brentford-2027-05-01/
2027-05-01T14:00:00+00:00,premier-league,"Regular Season - 34","Brighton","Forest",0.4523,0.2784,0.2693,1.59,1.19,https://theopenmodel.com/match/brighton-vs-forest-2027-05-01/
2027-05-01T14:00:00+00:00,premier-league,"Regular Season - 34","Crystal Palace","Aston Villa",0.2697,0.2785,0.4519,1.19,1.59,https://theopenmodel.com/match/crystal-palace-vs-aston-villa-2027-05-01/
2027-05-01T14:00:00+00:00,premier-league,"Regular Season - 34","Ipswich","Leeds",0.2397,0.2729,0.4874,1.12,1.67,https://theopenmodel.com/match/ipswich-vs-leeds-2027-05-01/
2027-05-01T14:00:00+00:00,premier-league,"Regular Season - 34","Hull","Bournemouth",0.1098,0.2199,0.6703,0.73,2.05,https://theopenmodel.com/match/hull-vs-bournemouth-2027-05-01/
2027-05-01T14:00:00+00:00,premier-league,"Regular Season - 34","Sunderland","Newcastle",0.2874,0.2809,0.4317,1.23,1.55,https://theopenmodel.com/match/sunderland-vs-newcastle-2027-05-01/
2027-05-01T14:00:00+00:00,premier-league,"Regular Season - 34","Coventry","Man United",0.1739,0.2531,0.573,0.94,1.84,https://theopenmodel.com/match/coventry-vs-man-united-2027-05-01/
2027-05-01T15:00:00+00:00,ligue-1,"Regular Season - 30","Paris SG","Angers",0.8557,0.1217,0.0226,2.56,0.3,https://theopenmodel.com/match/paris-sg-vs-angers-2027-05-01/
2027-05-01T15:00:00+00:00,ligue-1,"Regular Season - 30","Monaco","Lorient",0.5075,0.2691,0.2235,1.71,1.07,https://theopenmodel.com/match/monaco-vs-lorient-2027-05-01/
2027-05-01T15:00:00+00:00,ligue-1,"Regular Season - 30","Rennes","Nice",0.5744,0.2527,0.1729,1.85,0.93,https://theopenmodel.com/match/rennes-vs-nice-2027-05-01/
2027-05-01T15:00:00+00:00,ligue-1,"Regular Season - 30","Strasbourg","Lille",0.3585,0.2849,0.3566,1.39,1.39,https://theopenmodel.com/match/strasbourg-vs-lille-2027-05-01/
2027-05-01T15:00:00+00:00,ligue-1,"Regular Season - 30","Toulouse","Marseille",0.3074,0.2829,0.4097,1.28,1.5,https://theopenmodel.com/match/toulouse-vs-marseille-2027-05-01/
2027-05-01T15:00:00+00:00,ligue-1,"Regular Season - 30","Auxerre","Lyon",0.2691,0.2784,0.4526,1.19,1.59,https://theopenmodel.com/match/auxerre-vs-lyon-2027-05-01/
2027-05-01T15:00:00+00:00,ligue-1,"Regular Season - 30","Troyes","Brest",0.3043,0.2826,0.4131,1.27,1.51,https://theopenmodel.com/match/troyes-vs-brest-2027-05-01/
2027-05-01T15:00:00+00:00,ligue-1,"Regular Season - 30","Le Havre","Paris FC",0.3584,0.2849,0.3567,1.39,1.39,https://theopenmodel.com/match/le-havre-vs-paris-fc-2027-05-01/
2027-05-01T15:00:00+00:00,ligue-1,"Regular Season - 30","Lens","Le Mans",0.742,0.1881,0.0699,2.21,0.57,https://theopenmodel.com/match/lens-vs-le-mans-2027-05-01/
2027-05-02T15:00:00+00:00,la-liga,"Regular Season - 34","Barcelona","Osasuna",0.7634,0.1773,0.0593,2.27,0.52,https://theopenmodel.com/match/barcelona-vs-osasuna-2027-05-02/
2027-05-02T15:00:00+00:00,la-liga,"Regular Season - 34","Atletico","Alaves",0.6265,0.2362,0.1373,1.96,0.82,https://theopenmodel.com/match/atletico-vs-alaves-2027-05-02/
2027-05-02T15:00:00+00:00,la-liga,"Regular Season - 34","Malaga","Getafe",0.3183,0.2837,0.3979,1.3,1.48,https://theopenmodel.com/match/malaga-vs-getafe-2027-05-02/
2027-05-02T15:00:00+00:00,la-liga,"Regular Season - 34","Celta","Sevilla",0.4697,0.2759,0.2544,1.63,1.15,https://theopenmodel.com/match/celta-vs-sevilla-2027-05-02/
2027-05-02T15:00:00+00:00,la-liga,"Regular Season - 34","Levante","Real Madrid",0.1167,0.2243,0.659,0.75,2.03,https://theopenmodel.com/match/levante-vs-real-madrid-2027-05-02/
2027-05-02T15:00:00+00:00,la-liga,"Regular Season - 34","Betis","Valencia",0.4827,0.2737,0.2436,1.66,1.12,https://theopenmodel.com/match/betis-vs-valencia-2027-05-02/
2027-05-02T15:00:00+00:00,la-liga,"Regular Season - 34","Depor","Santander",0.3693,0.2848,0.3458,1.42,1.36,https://theopenmodel.com/match/depor-vs-santander-2027-05-02/
2027-05-02T15:00:00+00:00,la-liga,"Regular Season - 34","Sociedad","Bilbao",0.4199,0.2821,0.298,1.53,1.26,https://theopenmodel.com/match/sociedad-vs-bilbao-2027-05-02/
2027-05-02T15:00:00+00:00,la-liga,"Regular Season - 34","Rayo Vallecano","Villarreal",0.342,0.2848,0.3733,1.36,1.43,https://theopenmodel.com/match/rayo-vallecano-vs-villarreal-2027-05-02/
2027-05-02T15:00:00+00:00,la-liga,"Regular Season - 34","Elche","Espanyol",0.3946,0.2839,0.3215,1.47,1.31,https://theopenmodel.com/match/elche-vs-espanyol-2027-05-02/
2027-05-02T16:30:00+00:00,serie-a,"Regular Season - 34","Sassuolo","Frosinone",0.4823,0.2738,0.2439,1.66,1.13,https://theopenmodel.com/match/sassuolo-vs-frosinone-2027-05-02/
2027-05-02T16:30:00+00:00,serie-a,"Regular Season - 34","Milan","Lazio",0.4697,0.2759,0.2544,1.63,1.15,https://theopenmodel.com/match/milan-vs-lazio-2027-05-02/
2027-05-02T16:30:00+00:00,serie-a,"Regular Season - 34","Udinese","Genoa",0.4615,0.2771,0.2613,1.61,1.17,https://theopenmodel.com/match/udinese-vs-genoa-2027-05-02/
2027-05-02T16:30:00+00:00,serie-a,"Regular Season - 34","Roma","Napoli",0.4167,0.2823,0.3009,1.52,1.26,https://theopenmodel.com/match/roma-vs-napoli-2027-05-02/
2027-05-02T16:30:00+00:00,serie-a,"Regular Season - 34","Atalanta","Juventus",0.4037,0.2834,0.313,1.49,1.29,https://theopenmodel.com/match/atalanta-vs-juventus-2027-05-02/
2027-05-02T16:30:00+00:00,serie-a,"Regular Season - 34","Bologna","Fiorentina",0.4509,0.2786,0.2705,1.59,1.19,https://theopenmodel.com/match/bologna-vs-fiorentina-2027-05-02/
2027-05-02T16:30:00+00:00,serie-a,"Regular Season - 34","Torino","Parma",0.457,0.2778,0.2652,1.6,1.18,https://theopenmodel.com/match/torino-vs-parma-2027-05-02/
2027-05-02T16:30:00+00:00,serie-a,"Regular Season - 34","Lecce","Cagliari",0.3695,0.2848,0.3457,1.42,1.36,https://theopenmodel.com/match/lecce-vs-cagliari-2027-05-02/
2027-05-02T16:30:00+00:00,serie-a,"Regular Season - 34","Como","Inter",0.266,0.2779,0.4562,1.18,1.6,https://theopenmodel.com/match/como-vs-inter-2027-05-02/
2027-05-02T16:30:00+00:00,serie-a,"Regular Season - 34","Monza","Venezia",0.3473,0.2849,0.3679,1.37,1.41,https://theopenmodel.com/match/monza-vs-venezia-2027-05-02/
2027-05-08T13:30:00+00:00,bundesliga,"Regular Season - 32","Bayern","Gladbach",0.8212,0.145,0.0338,2.41,0.37,https://theopenmodel.com/match/bayern-vs-gladbach-2027-05-08/
2027-05-08T13:30:00+00:00,bundesliga,"Regular Season - 32","Freiburg","Koeln",0.6016,0.2445,0.154,1.9,0.88,https://theopenmodel.com/match/freiburg-vs-koeln-2027-05-08/
2027-05-08T13:30:00+00:00,bundesliga,"Regular Season - 32","Mainz","Dortmund",0.2359,0.2721,0.4921,1.11,1.68,https://theopenmodel.com/match/mainz-vs-dortmund-2027-05-08/
2027-05-08T13:30:00+00:00,bundesliga,"Regular Season - 32","Leverkusen","Hamburg",0.6544,0.2261,0.1195,2.02,0.76,https://theopenmodel.com/match/leverkusen-vs-hamburg-2027-05-08/
2027-05-08T13:30:00+00:00,bundesliga,"Regular Season - 32","Augsburg","Stuttgart",0.2717,0.2788,0.4495,1.19,1.59,https://theopenmodel.com/match/augsburg-vs-stuttgart-2027-05-08/
2027-05-08T13:30:00+00:00,bundesliga,"Regular Season - 32","RB Leipzig","Paderborn",0.6937,0.2102,0.0961,2.1,0.68,https://theopenmodel.com/match/rb-leipzig-vs-paderborn-2027-05-08/
2027-05-08T13:30:00+00:00,bundesliga,"Regular Season - 32","Schalke","Frankfurt",0.2546,0.2759,0.4695,1.15,1.63,https://theopenmodel.com/match/schalke-vs-frankfurt-2027-05-08/
2027-05-08T13:30:00+00:00,bundesliga,"Regular Season - 32","Union Berlin","Werder",0.4298,0.2811,0.2891,1.55,1.24,https://theopenmodel.com/match/union-berlin-vs-werder-2027-05-08/
2027-05-08T13:30:00+00:00,bundesliga,"Regular Season - 32","Elversberg","Hoffenheim",0.2222,0.2687,0.509,1.07,1.71,https://theopenmodel.com/match/elversberg-vs-hoffenheim-2027-05-08/
2027-05-08T14:00:00+00:00,premier-league,"Regular Season - 35","Newcastle","Coventry",0.6269,0.2361,0.137,1.96,0.82,https://theopenmodel.com/match/newcastle-vs-coventry-2027-05-08/
2027-05-08T14:00:00+00:00,premier-league,"Regular Season - 35","Bournemouth","Man United",0.3935,0.284,0.3225,1.47,1.31,https://theopenmodel.com/match/bournemouth-vs-man-united-2027-05-08/
2027-05-08T14:00:00+00:00,premier-league,"Regular Season - 35","Fulham","Ipswich",0.6081,0.2424,0.1495,1.92,0.86,https://theopenmodel.com/match/fulham-vs-ipswich-2027-05-08/
2027-05-08T14:00:00+00:00,premier-league,"Regular Season - 35","Everton","Hull",0.7162,0.2003,0.0835,2.15,0.63,https://theopenmodel.com/match/everton-vs-hull-2027-05-08/
2027-05-08T14:00:00+00:00,premier-league,"Regular Season - 35","Tottenham","Chelsea",0.3388,0.2847,0.3765,1.35,1.43,https://theopenmodel.com/match/tottenham-vs-chelsea-2027-05-08/
2027-05-08T14:00:00+00:00,premier-league,"Regular Season - 35","Man City","Liverpool",0.4857,0.2732,0.2411,1.66,1.12,https://theopenmodel.com/match/man-city-vs-liverpool-2027-05-08/
2027-05-08T14:00:00+00:00,premier-league,"Regular Season - 35","Brighton","Sunderland",0.5542,0.2582,0.1876,1.81,0.98,https://theopenmodel.com/match/brighton-vs-sunderland-2027-05-08/
2027-05-08T14:00:00+00:00,premier-league,"Regular Season - 35","Brentford","Aston Villa",0.3304,0.2844,0.3853,1.33,1.45,https://theopenmodel.com/match/brentford-vs-aston-villa-2027-05-08/
2027-05-08T14:00:00+00:00,premier-league,"Regular Season - 35","Leeds","Arsenal",0.1524,0.2438,0.6038,0.87,1.91,https://theopenmodel.com/match/leeds-vs-arsenal-2027-05-08/
2027-05-08T14:00:00+00:00,premier-league,"Regular Season - 35","Forest","Crystal Palace",0.4354,0.2805,0.2841,1.56,1.22,https://theopenmodel.com/match/forest-vs-crystal-palace-2027-05-08/
2027-05-08T15:00:00+00:00,ligue-1,"Regular Season - 31","Angers","Toulouse",0.3111,0.2832,0.4057,1.29,1.49,https://theopenmodel.com/match/angers-vs-toulouse-2027-05-08/
2027-05-08T15:00:00+00:00,ligue-1,"Regular Season - 31","Nice","Marseille",0.2492,0.2749,0.4759,1.14,1.64,https://theopenmodel.com/match/nice-vs-marseille-2027-05-08/
2027-05-08T15:00:00+00:00,ligue-1,"Regular Season - 31","Rennes","Le Havre",0.5769,0.2519,0.1711,1.85,0.93,https://theopenmodel.com/match/rennes-vs-le-havre-2027-05-08/
2027-05-08T15:00:00+00:00,ligue-1,"Regular Season - 31","Lorient","Strasbourg",0.3487,0.2849,0.3664,1.37,1.41,https://theopenmodel.com/match/lorient-vs-strasbourg-2027-05-08/
2027-05-08T15:00:00+00:00,ligue-1,"Regular Season - 31","Brest","Auxerre",0.4175,0.2823,0.3002,1.52,1.26,https://theopenmodel.com/match/brest-vs-auxerre-2027-05-08/
2027-05-08T15:00:00+00:00,ligue-1,"Regular Season - 31","Paris FC","Lille",0.2841,0.2805,0.4354,1.22,1.56,https://theopenmodel.com/match/paris-fc-vs-lille-2027-05-08/
2027-05-08T15:00:00+00:00,ligue-1,"Regular Season - 31","Lens","Monaco",0.4827,0.2737,0.2436,1.66,1.12,https://theopenmodel.com/match/lens-vs-monaco-2027-05-08/
2027-05-08T15:00:00+00:00,ligue-1,"Regular Season - 31","Le Mans","Troyes",0.3812,0.2845,0.3343,1.44,1.34,https://theopenmodel.com/match/le-mans-vs-troyes-2027-05-08/
2027-05-09T15:00:00+00:00,la-liga,"Regular Season - 35","Bilbao","Malaga",0.5263,0.265,0.2087,1.75,1.03,https://theopenmodel.com/match/bilbao-vs-malaga-2027-05-09/
2027-05-09T15:00:00+00:00,la-liga,"Regular Season - 35","Valencia","Atletico",0.2628,0.2774,0.4599,1.17,1.61,https://theopenmodel.com/match/valencia-vs-atletico-2027-05-09/
2027-05-09T15:00:00+00:00,la-liga,"Regular Season - 35","Villarreal","Celta",0.4779,0.2746,0.2476,1.65,1.13,https://theopenmodel.com/match/villarreal-vs-celta-2027-05-09/
2027-05-09T15:00:00+00:00,la-liga,"Regular Season - 35","Real Madrid","Barcelona",0.3857,0.2843,0.3299,1.45,1.33,https://theopenmodel.com/match/real-madrid-vs-barcelona-2027-05-09/
2027-05-09T15:00:00+00:00,la-liga,"Regular Season - 35","Alaves","Levante",0.4494,0.2788,0.2718,1.59,1.19,https://theopenmodel.com/match/alaves-vs-levante-2027-05-09/
2027-05-09T15:00:00+00:00,la-liga,"Regular Season - 35","Betis","Espanyol",0.55,0.2593,0.1908,1.8,0.99,https://theopenmodel.com/match/betis-vs-espanyol-2027-05-09/
2027-05-09T15:00:00+00:00,la-liga,"Regular Season - 35","Getafe","Elche",0.444,0.2795,0.2765,1.58,1.21,https://theopenmodel.com/match/getafe-vs-elche-2027-05-09/
2027-05-09T15:00:00+00:00,la-liga,"Regular Season - 35","Osasuna","Sociedad",0.3986,0.2837,0.3177,1.48,1.3,https://theopenmodel.com/match/osasuna-vs-sociedad-2027-05-09/
2027-05-09T15:00:00+00:00,la-liga,"Regular Season - 35","Rayo Vallecano","Depor",0.5902,0.248,0.1618,1.88,0.9,https://theopenmodel.com/match/rayo-vallecano-vs-depor-2027-05-09/
2027-05-09T15:00:00+00:00,la-liga,"Regular Season - 35","Santander","Sevilla",0.3327,0.2845,0.3828,1.34,1.45,https://theopenmodel.com/match/santander-vs-sevilla-2027-05-09/
2027-05-09T16:30:00+00:00,serie-a,"Regular Season - 35","Lazio","Sassuolo",0.5111,0.2683,0.2206,1.72,1.07,https://theopenmodel.com/match/lazio-vs-sassuolo-2027-05-09/
2027-05-09T16:30:00+00:00,serie-a,"Regular Season - 35","Napoli","Monza",0.7088,0.2036,0.0876,2.14,0.64,https://theopenmodel.com/match/napoli-vs-monza-2027-05-09/
2027-05-09T16:30:00+00:00,serie-a,"Regular Season - 35","Udinese","Juventus",0.2742,0.2792,0.4466,1.2,1.58,https://theopenmodel.com/match/udinese-vs-juventus-2027-05-09/
2027-05-09T16:30:00+00:00,serie-a,"Regular Season - 35","Genoa","Cagliari",0.4152,0.2825,0.3023,1.52,1.27,https://theopenmodel.com/match/genoa-vs-cagliari-2027-05-09/
2027-05-09T16:30:00+00:00,serie-a,"Regular Season - 35","Fiorentina","Roma",0.276,0.2794,0.4446,1.2,1.58,https://theopenmodel.com/match/fiorentina-vs-roma-2027-05-09/
2027-05-09T16:30:00+00:00,serie-a,"Regular Season - 35","Torino","Bologna",0.3256,0.2841,0.3903,1.32,1.46,https://theopenmodel.com/match/torino-vs-bologna-2027-05-09/
2027-05-09T16:30:00+00:00,serie-a,"Regular Season - 35","Inter","Lecce",0.786,0.1653,0.0488,2.32,0.46,https://theopenmodel.com/match/inter-vs-lecce-2027-05-09/
2027-05-09T16:30:00+00:00,serie-a,"Regular Season - 35","Frosinone","Atalanta",0.2018,0.2629,0.5353,1.02,1.77,https://theopenmodel.com/match/frosinone-vs-atalanta-2027-05-09/
2027-05-09T16:30:00+00:00,serie-a,"Regular Season - 35","Venezia","Como",0.2389,0.2727,0.4883,1.11,1.67,https://theopenmodel.com/match/venezia-vs-como-2027-05-09/
2027-05-09T16:30:00+00:00,serie-a,"Regular Season - 35","Parma","Milan",0.2367,0.2722,0.4911,1.11,1.67,https://theopenmodel.com/match/parma-vs-milan-2027-05-09/
2027-05-09T18:45:00+00:00,ligue-1,"Regular Season - 31","Lyon","Paris SG",0.1811,0.2558,0.563,0.96,1.82,https://theopenmodel.com/match/lyon-vs-paris-sg-2027-05-09/
2027-05-15T13:30:00+00:00,bundesliga,"Regular Season - 33","Werder","Schalke",0.5172,0.267,0.2158,1.73,1.05,https://theopenmodel.com/match/werder-vs-schalke-2027-05-15/
2027-05-15T13:30:00+00:00,bundesliga,"Regular Season - 33","Gladbach","Augsburg",0.4192,0.2821,0.2987,1.52,1.26,https://theopenmodel.com/match/gladbach-vs-augsburg-2027-05-15/
2027-05-15T13:30:00+00:00,bundesliga,"Regular Season - 33","Dortmund","Koeln",0.7267,0.1954,0.0779,2.18,0.6,https://theopenmodel.com/match/dortmund-vs-koeln-2027-05-15/
2027-05-15T13:30:00+00:00,bundesliga,"Regular Season - 33","Hoffenheim","Mainz",0.4478,0.279,0.2732,1.58,1.2,https://theopenmodel.com/match/hoffenheim-vs-mainz-2027-05-15/
2027-05-15T13:30:00+00:00,bundesliga,"Regular Season - 33","Leverkusen","Bayern",0.2036,0.2634,0.533,1.02,1.76,https://theopenmodel.com/match/leverkusen-vs-bayern-2027-05-15/
2027-05-15T13:30:00+00:00,bundesliga,"Regular Season - 33","Frankfurt","Elversberg",0.5822,0.2504,0.1674,1.86,0.92,https://theopenmodel.com/match/frankfurt-vs-elversberg-2027-05-15/
2027-05-15T13:30:00+00:00,bundesliga,"Regular Season - 33","Stuttgart","RB Leipzig",0.4162,0.2824,0.3014,1.52,1.26,https://theopenmodel.com/match/stuttgart-vs-rb-leipzig-2027-05-15/
2027-05-15T13:30:00+00:00,bundesliga,"Regular Season - 33","Hamburg","Freiburg",0.2765,0.2795,0.444,1.21,1.58,https://theopenmodel.com/match/hamburg-vs-freiburg-2027-05-15/
2027-05-15T13:30:00+00:00,bundesliga,"Regular Season - 33","Paderborn","Union Berlin",0.3072,0.2829,0.4099,1.28,1.5,https://theopenmodel.com/match/paderborn-vs-union-berlin-2027-05-15/
2027-05-15T14:00:00+00:00,premier-league,"Regular Season - 36","Man United","Leeds",0.5092,0.2687,0.2221,1.71,1.07,https://theopenmodel.com/match/man-united-vs-leeds-2027-05-15/
2027-05-15T14:00:00+00:00,premier-league,"Regular Season - 36","Liverpool","Brentford",0.4888,0.2727,0.2385,1.67,1.11,https://theopenmodel.com/match/liverpool-vs-brentford-2027-05-15/
2027-05-15T14:00:00+00:00,premier-league,"Regular Season - 36","Arsenal","Forest",0.7155,0.2006,0.0839,2.15,0.63,https://theopenmodel.com/match/arsenal-vs-forest-2027-05-15/
2027-05-15T14:00:00+00:00,premier-league,"Regular Season - 36","Chelsea","Everton",0.4323,0.2808,0.2868,1.55,1.23,https://theopenmodel.com/match/chelsea-vs-everton-2027-05-15/
2027-05-15T14:00:00+00:00,premier-league,"Regular Season - 36","Crystal Palace","Brighton",0.3557,0.2849,0.3594,1.39,1.39,https://theopenmodel.com/match/crystal-palace-vs-brighton-2027-05-15/
2027-05-15T14:00:00+00:00,premier-league,"Regular Season - 36","Ipswich","Man City",0.1053,0.2168,0.6779,0.71,2.07,https://theopenmodel.com/match/ipswich-vs-man-city-2027-05-15/
2027-05-15T14:00:00+00:00,premier-league,"Regular Season - 36","Hull","Fulham",0.1538,0.2444,0.6018,0.88,1.9,https://theopenmodel.com/match/hull-vs-fulham-2027-05-15/
2027-05-15T14:00:00+00:00,premier-league,"Regular Season - 36","Aston Villa","Newcastle",0.5139,0.2677,0.2184,1.72,1.06,https://theopenmodel.com/match/aston-villa-vs-newcastle-2027-05-15/
2027-05-15T14:00:00+00:00,premier-league,"Regular Season - 36","Sunderland","Bournemouth",0.2517,0.2754,0.4729,1.15,1.64,https://theopenmodel.com/match/sunderland-vs-bournemouth-2027-05-15/
2027-05-15T14:00:00+00:00,premier-league,"Regular Season - 36","Coventry","Tottenham",0.2938,0.2816,0.4246,1.25,1.54,https://theopenmodel.com/match/coventry-vs-tottenham-2027-05-15/
2027-05-16T15:00:00+00:00,la-liga,"Regular Season - 36","Atletico","Rayo Vallecano",0.5793,0.2513,0.1694,1.86,0.92,https://theopenmodel.com/match/atletico-vs-rayo-vallecano-2027-05-16/
2027-05-16T15:00:00+00:00,la-liga,"Regular Season - 36","Malaga","Celta",0.2608,0.277,0.4621,1.17,1.61,https://theopenmodel.com/match/malaga-vs-celta-2027-05-16/
2027-05-16T15:00:00+00:00,la-liga,"Regular Season - 36","Sevilla","Villarreal",0.3003,0.2823,0.4174,1.26,1.52,https://theopenmodel.com/match/sevilla-vs-villarreal-2027-05-16/
2027-05-16T15:00:00+00:00,la-liga,"Regular Season - 36","Levante","Getafe",0.3855,0.2844,0.3302,1.45,1.33,https://theopenmodel.com/match/levante-vs-getafe-2027-05-16/
2027-05-16T15:00:00+00:00,la-liga,"Regular Season - 36","Espanyol","Valencia",0.3494,0.2849,0.3657,1.37,1.41,https://theopenmodel.com/match/espanyol-vs-valencia-2027-05-16/
2027-05-16T15:00:00+00:00,la-liga,"Regular Season - 36","Real Madrid","Santander",0.8044,0.1549,0.0407,2.37,0.41,https://theopenmodel.com/match/real-madrid-vs-santander-2027-05-16/
2027-05-16T15:00:00+00:00,la-liga,"Regular Season - 36","Depor","Alaves",0.293,0.2815,0.4255,1.24,1.54,https://theopenmodel.com/match/depor-vs-alaves-2027-05-16/
2027-05-16T15:00:00+00:00,la-liga,"Regular Season - 36","Sociedad","Barcelona",0.1277,0.2309,0.6414,0.79,1.99,https://theopenmodel.com/match/sociedad-vs-barcelona-2027-05-16/
2027-05-16T15:00:00+00:00,la-liga,"Regular Season - 36","Osasuna","Betis",0.2976,0.282,0.4204,1.26,1.53,https://theopenmodel.com/match/osasuna-vs-betis-2027-05-16/
2027-05-16T15:00:00+00:00,la-liga,"Regular Season - 36","Elche","Bilbao",0.3729,0.2848,0.3423,1.42,1.36,https://theopenmodel.com/match/elche-vs-bilbao-2027-05-16/
2027-05-16T15:00:00+00:00,ligue-1,"Regular Season - 32","Lille","Angers",0.6478,0.2286,0.1236,2,0.78,https://theopenmodel.com/match/lille-vs-angers-2027-05-16/
2027-05-16T15:00:00+00:00,ligue-1,"Regular Season - 32","Lyon","Le Mans",0.7106,0.2028,0.0866,2.14,0.64,https://theopenmodel.com/match/lyon-vs-le-mans-2027-05-16/
2027-05-16T15:00:00+00:00,ligue-1,"Regular Season - 32","Marseille","Lens",0.3636,0.2849,0.3515,1.4,1.38,https://theopenmodel.com/match/marseille-vs-lens-2027-05-16/
2027-05-16T15:00:00+00:00,ligue-1,"Regular Season - 32","Paris SG","Nice",0.8445,0.1306,0.0249,2.48,0.3,https://theopenmodel.com/match/paris-sg-vs-nice-2027-05-16/
2027-05-16T15:00:00+00:00,ligue-1,"Regular Season - 32","Monaco","Paris FC",0.521,0.2662,0.2129,1.74,1.05,https://theopenmodel.com/match/monaco-vs-paris-fc-2027-05-16/
2027-05-16T15:00:00+00:00,ligue-1,"Regular Season - 32","Strasbourg","Troyes",0.6214,0.238,0.1407,1.95,0.84,https://theopenmodel.com/match/strasbourg-vs-troyes-2027-05-16/
2027-05-16T15:00:00+00:00,ligue-1,"Regular Season - 32","Toulouse","Lorient",0.4124,0.2827,0.3049,1.51,1.27,https://theopenmodel.com/match/toulouse-vs-lorient-2027-05-16/
2027-05-16T15:00:00+00:00,ligue-1,"Regular Season - 32","Brest","Le Havre",0.4602,0.2773,0.2625,1.61,1.17,https://theopenmodel.com/match/brest-vs-le-havre-2027-05-16/
2027-05-16T15:00:00+00:00,ligue-1,"Regular Season - 32","Auxerre","Rennes",0.3006,0.2823,0.4171,1.26,1.52,https://theopenmodel.com/match/auxerre-vs-rennes-2027-05-16/
2027-05-16T16:30:00+00:00,serie-a,"Regular Season - 36","Lazio","Udinese",0.4806,0.2741,0.2453,1.65,1.13,https://theopenmodel.com/match/lazio-vs-udinese-2027-05-16/
2027-05-16T16:30:00+00:00,serie-a,"Regular Season - 36","Sassuolo","Venezia",0.4415,0.2798,0.2787,1.57,1.21,https://theopenmodel.com/match/sassuolo-vs-venezia-2027-05-16/
2027-05-16T16:30:00+00:00,serie-a,"Regular Season - 36","Milan","Roma",0.3635,0.2849,0.3516,1.4,1.38,https://theopenmodel.com/match/milan-vs-roma-2027-05-16/
2027-05-16T16:30:00+00:00,serie-a,"Regular Season - 36","Cagliari","Torino",0.3932,0.284,0.3228,1.47,1.31,https://theopenmodel.com/match/cagliari-vs-torino-2027-05-16/
2027-05-16T16:30:00+00:00,serie-a,"Regular Season - 36","Napoli","Genoa",0.6335,0.2337,0.1327,1.97,0.81,https://theopenmodel.com/match/napoli-vs-genoa-2027-05-16/
2027-05-16T16:30:00+00:00,serie-a,"Regular Season - 36","Juventus","Inter",0.2802,0.28,0.4398,1.21,1.57,https://theopenmodel.com/match/juventus-vs-inter-2027-05-16/
2027-05-16T16:30:00+00:00,serie-a,"Regular Season - 36","Bologna","Frosinone",0.5776,0.2517,0.1706,1.85,0.93,https://theopenmodel.com/match/bologna-vs-frosinone-2027-05-16/
2027-05-16T16:30:00+00:00,serie-a,"Regular Season - 36","Lecce","Fiorentina",0.2984,0.2821,0.4196,1.26,1.52,https://theopenmodel.com/match/lecce-vs-fiorentina-2027-05-16/
2027-05-16T16:30:00+00:00,serie-a,"Regular Season - 36","Como","Atalanta",0.4082,0.283,0.3087,1.5,1.28,https://theopenmodel.com/match/como-vs-atalanta-2027-05-16/
2027-05-16T16:30:00+00:00,serie-a,"Regular Season - 36","Monza","Parma",0.3596,0.2849,0.3554,1.4,1.39,https://theopenmodel.com/match/monza-vs-parma-2027-05-16/
2027-05-22T13:30:00+00:00,bundesliga,"Regular Season - 34","Bayern","Frankfurt",0.7993,0.1579,0.0429,2.36,0.43,https://theopenmodel.com/match/bayern-vs-frankfurt-2027-05-22/
2027-05-22T13:30:00+00:00,bundesliga,"Regular Season - 34","Freiburg","Dortmund",0.2901,0.2812,0.4287,1.24,1.54,https://theopenmodel.com/match/freiburg-vs-dortmund-2027-05-22/
2027-05-22T13:30:00+00:00,bundesliga,"Regular Season - 34","Mainz","Stuttgart",0.3095,0.2831,0.4074,1.28,1.5,https://theopenmodel.com/match/mainz-vs-stuttgart-2027-05-22/
2027-05-22T13:30:00+00:00,bundesliga,"Regular Season - 34","Augsburg","Hamburg",0.4547,0.2781,0.2672,1.6,1.18,https://theopenmodel.com/match/augsburg-vs-hamburg-2027-05-22/
2027-05-22T13:30:00+00:00,bundesliga,"Regular Season - 34","RB Leipzig","Hoffenheim",0.4874,0.2729,0.2397,1.67,1.12,https://theopenmodel.com/match/rb-leipzig-vs-hoffenheim-2027-05-22/
2027-05-22T13:30:00+00:00,bundesliga,"Regular Season - 34","Schalke","Leverkusen",0.1305,0.2325,0.6369,0.8,1.98,https://theopenmodel.com/match/schalke-vs-leverkusen-2027-05-22/
2027-05-22T13:30:00+00:00,bundesliga,"Regular Season - 34","Union Berlin","Gladbach",0.389,0.2842,0.3268,1.46,1.32,https://theopenmodel.com/match/union-berlin-vs-gladbach-2027-05-22/
2027-05-22T13:30:00+00:00,bundesliga,"Regular Season - 34","Koeln","Paderborn",0.4649,0.2766,0.2585,1.62,1.16,https://theopenmodel.com/match/koeln-vs-paderborn-2027-05-22/
2027-05-22T13:30:00+00:00,bundesliga,"Regular Season - 34","Elversberg","Werder",0.3197,0.2838,0.3965,1.31,1.48,https://theopenmodel.com/match/elversberg-vs-werder-2027-05-22/
2027-05-22T15:00:00+00:00,ligue-1,"Regular Season - 33","Angers","Brest",0.3319,0.2844,0.3836,1.33,1.45,https://theopenmodel.com/match/angers-vs-brest-2027-05-22/
2027-05-22T15:00:00+00:00,ligue-1,"Regular Season - 33","Nice","Monaco",0.2636,0.2775,0.4589,1.17,1.61,https://theopenmodel.com/match/nice-vs-monaco-2027-05-22/
2027-05-22T15:00:00+00:00,ligue-1,"Regular Season - 33","Toulouse","Auxerre",0.4399,0.28,0.2801,1.57,1.21,https://theopenmodel.com/match/toulouse-vs-auxerre-2027-05-22/
2027-05-22T15:00:00+00:00,ligue-1,"Regular Season - 33","Lorient","Lyon",0.2935,0.2816,0.4249,1.25,1.54,https://theopenmodel.com/match/lorient-vs-lyon-2027-05-22/
2027-05-22T15:00:00+00:00,ligue-1,"Regular Season - 33","Troyes","Paris SG",0.0384,0.1517,0.8099,0.4,2.38,https://theopenmodel.com/match/troyes-vs-paris-sg-2027-05-22/
2027-05-22T15:00:00+00:00,ligue-1,"Regular Season - 33","Le Havre","Lille",0.2352,0.2719,0.4929,1.1,1.68,https://theopenmodel.com/match/le-havre-vs-lille-2027-05-22/
2027-05-22T15:00:00+00:00,ligue-1,"Regular Season - 33","Paris FC","Marseille",0.2969,0.2819,0.4212,1.25,1.53,https://theopenmodel.com/match/paris-fc-vs-marseille-2027-05-22/
2027-05-22T15:00:00+00:00,ligue-1,"Regular Season - 33","Lens","Rennes",0.4844,0.2734,0.2422,1.66,1.12,https://theopenmodel.com/match/lens-vs-rennes-2027-05-22/
2027-05-22T15:00:00+00:00,ligue-1,"Regular Season - 33","Le Mans","Strasbourg",0.1992,0.2621,0.5387,1.01,1.77,https://theopenmodel.com/match/le-mans-vs-strasbourg-2027-05-22/
2027-05-23T14:00:00+00:00,premier-league,"Regular Season - 37","Newcastle","Crystal Palace",0.4686,0.276,0.2553,1.63,1.15,https://theopenmodel.com/match/newcastle-vs-crystal-palace-2027-05-23/
2027-05-23T14:00:00+00:00,premier-league,"Regular Season - 37","Bournemouth","Chelsea",0.4626,0.277,0.2604,1.61,1.17,https://theopenmodel.com/match/bournemouth-vs-chelsea-2027-05-23/
2027-05-23T14:00:00+00:00,premier-league,"Regular Season - 37","Fulham","Coventry",0.5981,0.2456,0.1563,1.9,0.88,https://theopenmodel.com/match/fulham-vs-coventry-2027-05-23/
2027-05-23T14:00:00+00:00,premier-league,"Regular Season - 37","Everton","Arsenal",0.157,0.2459,0.597,0.89,1.89,https://theopenmodel.com/match/everton-vs-arsenal-2027-05-23/
2027-05-23T14:00:00+00:00,premier-league,"Regular Season - 37","Tottenham","Man United",0.2756,0.2793,0.4451,1.2,1.58,https://theopenmodel.com/match/tottenham-vs-man-united-2027-05-23/
2027-05-23T14:00:00+00:00,premier-league,"Regular Season - 37","Man City","Aston Villa",0.4734,0.2753,0.2513,1.64,1.14,https://theopenmodel.com/match/man-city-vs-aston-villa-2027-05-23/
2027-05-23T14:00:00+00:00,premier-league,"Regular Season - 37","Brighton","Liverpool",0.3349,0.2845,0.3805,1.34,1.44,https://theopenmodel.com/match/brighton-vs-liverpool-2027-05-23/
2027-05-23T14:00:00+00:00,premier-league,"Regular Season - 37","Brentford","Hull",0.751,0.1836,0.0654,2.24,0.55,https://theopenmodel.com/match/brentford-vs-hull-2027-05-23/
2027-05-23T14:00:00+00:00,premier-league,"Regular Season - 37","Leeds","Sunderland",0.5155,0.2674,0.2171,1.72,1.06,https://theopenmodel.com/match/leeds-vs-sunderland-2027-05-23/
2027-05-23T14:00:00+00:00,premier-league,"Regular Season - 37","Forest","Ipswich",0.604,0.2437,0.1523,1.91,0.87,https://theopenmodel.com/match/forest-vs-ipswich-2027-05-23/
2027-05-23T15:00:00+00:00,la-liga,"Regular Season - 37","Barcelona","Malaga",0.8457,0.1298,0.0245,2.48,0.3,https://theopenmodel.com/match/barcelona-vs-malaga-2027-05-23/
2027-05-23T15:00:00+00:00,la-liga,"Regular Season - 37","Atletico","Bilbao",0.6211,0.2381,0.1408,1.95,0.84,https://theopenmodel.com/match/atletico-vs-bilbao-2027-05-23/
2027-05-23T15:00:00+00:00,la-liga,"Regular Season - 37","Valencia","Elche",0.5006,0.2704,0.229,1.69,1.09,https://theopenmodel.com/match/valencia-vs-elche-2027-05-23/
2027-05-23T15:00:00+00:00,la-liga,"Regular Season - 37","Villarreal","Osasuna",0.5408,0.2616,0.1976,1.78,1,https://theopenmodel.com/match/villarreal-vs-osasuna-2027-05-23/
2027-05-23T15:00:00+00:00,la-liga,"Regular Season - 37","Sevilla","Getafe",0.4227,0.2818,0.2955,1.53,1.25,https://theopenmodel.com/match/sevilla-vs-getafe-2027-05-23/
2027-05-23T15:00:00+00:00,la-liga,"Regular Season - 37","Celta","Sociedad",0.4606,0.2773,0.2622,1.61,1.17,https://theopenmodel.com/match/celta-vs-sociedad-2027-05-23/
2027-05-23T15:00:00+00:00,la-liga,"Regular Season - 37","Alaves","Real Madrid",0.1387,0.2369,0.6244,0.83,1.95,https://theopenmodel.com/match/alaves-vs-real-madrid-2027-05-23/
2027-05-23T15:00:00+00:00,la-liga,"Regular Season - 37","Depor","Espanyol",0.3082,0.283,0.4088,1.28,1.5,https://theopenmodel.com/match/depor-vs-espanyol-2027-05-23/
2027-05-23T15:00:00+00:00,la-liga,"Regular Season - 37","Rayo Vallecano","Betis",0.3454,0.2848,0.3698,1.36,1.42,https://theopenmodel.com/match/rayo-vallecano-vs-betis-2027-05-23/
2027-05-23T15:00:00+00:00,la-liga,"Regular Season - 37","Santander","Levante",0.3687,0.2849,0.3465,1.42,1.37,https://theopenmodel.com/match/santander-vs-levante-2027-05-23/
2027-05-23T16:30:00+00:00,serie-a,"Regular Season - 37","Udinese","Sassuolo",0.444,0.2795,0.2765,1.58,1.21,https://theopenmodel.com/match/udinese-vs-sassuolo-2027-05-23/
2027-05-23T16:30:00+00:00,serie-a,"Regular Season - 37","Genoa","Bologna",0.3072,0.2829,0.4099,1.28,1.5,https://theopenmodel.com/match/genoa-vs-bologna-2027-05-23/
2027-05-23T16:30:00+00:00,serie-a,"Regular Season - 37","Roma","Como",0.4554,0.278,0.2666,1.6,1.18,https://theopenmodel.com/match/roma-vs-como-2027-05-23/
2027-05-23T16:30:00+00:00,serie-a,"Regular Season - 37","Atalanta","Lecce",0.647,0.2289,0.1241,2,0.78,https://theopenmodel.com/match/atalanta-vs-lecce-2027-05-23/
2027-05-23T16:30:00+00:00,serie-a,"Regular Season - 37","Fiorentina","Monza",0.5688,0.2542,0.177,1.84,0.95,https://theopenmodel.com/match/fiorentina-vs-monza-2027-05-23/
2027-05-23T16:30:00+00:00,serie-a,"Regular Season - 37","Torino","Napoli",0.2318,0.2711,0.4971,1.09,1.69,https://theopenmodel.com/match/torino-vs-napoli-2027-05-23/
2027-05-23T16:30:00+00:00,serie-a,"Regular Season - 37","Inter","Lazio",0.6388,0.2319,0.1294,1.98,0.8,https://theopenmodel.com/match/inter-vs-lazio-2027-05-23/
2027-05-23T16:30:00+00:00,serie-a,"Regular Season - 37","Frosinone","Cagliari",0.3657,0.2849,0.3494,1.41,1.37,https://theopenmodel.com/match/frosinone-vs-cagliari-2027-05-23/
2027-05-23T16:30:00+00:00,serie-a,"Regular Season - 37","Venezia","Milan",0.2475,0.2745,0.478,1.13,1.65,https://theopenmodel.com/match/venezia-vs-milan-2027-05-23/
2027-05-23T16:30:00+00:00,serie-a,"Regular Season - 37","Parma","Juventus",0.2152,0.2668,0.5179,1.05,1.73,https://theopenmodel.com/match/parma-vs-juventus-2027-05-23/
2027-05-29T19:00:00+00:00,ligue-1,"Regular Season - 34","Lille","Le Mans",0.7081,0.2039,0.088,2.14,0.65,https://theopenmodel.com/match/lille-vs-le-mans-2027-05-29/
2027-05-29T19:00:00+00:00,ligue-1,"Regular Season - 34","Lyon","Paris FC",0.5553,0.2579,0.1868,1.81,0.97,https://theopenmodel.com/match/lyon-vs-paris-fc-2027-05-29/
2027-05-29T19:00:00+00:00,ligue-1,"Regular Season - 34","Marseille","Lorient",0.5246,0.2654,0.21,1.74,1.04,https://theopenmodel.com/match/marseille-vs-lorient-2027-05-29/
2027-05-29T19:00:00+00:00,ligue-1,"Regular Season - 34","Paris SG","Toulouse",0.7923,0.1618,0.0459,2.34,0.44,https://theopenmodel.com/match/paris-sg-vs-toulouse-2027-05-29/
2027-05-29T19:00:00+00:00,ligue-1,"Regular Season - 34","Monaco","Troyes",0.6467,0.229,0.1244,2,0.78,https://theopenmodel.com/match/monaco-vs-troyes-2027-05-29/
2027-05-29T19:00:00+00:00,ligue-1,"Regular Season - 34","Rennes","Angers",0.6156,0.2399,0.1445,1.93,0.85,https://theopenmodel.com/match/rennes-vs-angers-2027-05-29/
2027-05-29T19:00:00+00:00,ligue-1,"Regular Season - 34","Strasbourg","Nice",0.5501,0.2592,0.1907,1.8,0.98,https://theopenmodel.com/match/strasbourg-vs-nice-2027-05-29/
2027-05-29T19:00:00+00:00,ligue-1,"Regular Season - 34","Brest","Lens",0.2426,0.2735,0.4839,1.12,1.66,https://theopenmodel.com/match/brest-vs-lens-2027-05-29/
2027-05-29T19:00:00+00:00,ligue-1,"Regular Season - 34","Auxerre","Le Havre",0.4566,0.2778,0.2655,1.6,1.18,https://theopenmodel.com/match/auxerre-vs-le-havre-2027-05-29/
2027-05-30T15:00:00+00:00,premier-league,"Regular Season - 38","Man United","Fulham",0.5053,0.2695,0.2252,1.7,1.08,https://theopenmodel.com/match/man-united-vs-fulham-2027-05-30/
2027-05-30T15:00:00+00:00,premier-league,"Regular Season - 38","Liverpool","Bournemouth",0.4601,0.2773,0.2626,1.61,1.17,https://theopenmodel.com/match/liverpool-vs-bournemouth-2027-05-30/
2027-05-30T15:00:00+00:00,premier-league,"Regular Season - 38","Arsenal","Brighton",0.6796,0.2161,0.1043,2.07,0.71,https://theopenmodel.com/match/arsenal-vs-brighton-2027-05-30/
2027-05-30T15:00:00+00:00,premier-league,"Regular Season - 38","Chelsea","Brentford",0.3941,0.2839,0.322,1.47,1.31,https://theopenmodel.com/match/chelsea-vs-brentford-2027-05-30/
2027-05-30T15:00:00+00:00,premier-league,"Regular Season - 38","Crystal Palace","Leeds",0.3926,0.284,0.3234,1.47,1.31,https://theopenmodel.com/match/crystal-palace-vs-leeds-2027-05-30/
2027-05-30T15:00:00+00:00,premier-league,"Regular Season - 38","Ipswich","Everton",0.2341,0.2717,0.4942,1.1,1.68,https://theopenmodel.com/match/ipswich-vs-everton-2027-05-30/
2027-05-30T15:00:00+00:00,premier-league,"Regular Season - 38","Hull","Newcastle",0.1347,0.2348,0.6305,0.82,1.97,https://theopenmodel.com/match/hull-vs-newcastle-2027-05-30/
2027-05-30T15:00:00+00:00,premier-league,"Regular Season - 38","Aston Villa","Tottenham",0.5998,0.2451,0.1552,1.9,0.88,https://theopenmodel.com/match/aston-villa-vs-tottenham-2027-05-30/
2027-05-30T15:00:00+00:00,premier-league,"Regular Season - 38","Sunderland","Man City",0.1607,0.2476,0.5917,0.9,1.88,https://theopenmodel.com/match/sunderland-vs-man-city-2027-05-30/
2027-05-30T15:00:00+00:00,premier-league,"Regular Season - 38","Coventry","Forest",0.2483,0.2747,0.477,1.14,1.64,https://theopenmodel.com/match/coventry-vs-forest-2027-05-30/
2027-05-30T15:00:00+00:00,la-liga,"Regular Season - 38","Bilbao","Rayo Vallecano",0.3729,0.2848,0.3423,1.42,1.36,https://theopenmodel.com/match/bilbao-vs-rayo-vallecano-2027-05-30/
2027-05-30T15:00:00+00:00,la-liga,"Regular Season - 38","Malaga","Sevilla",0.3102,0.2831,0.4066,1.28,1.5,https://theopenmodel.com/match/malaga-vs-sevilla-2027-05-30/
2027-05-30T15:00:00+00:00,la-liga,"Regular Season - 38","Levante","Celta",0.3241,0.2841,0.3919,1.32,1.47,https://theopenmodel.com/match/levante-vs-celta-2027-05-30/
2027-05-30T15:00:00+00:00,la-liga,"Regular Season - 38","Espanyol","Alaves",0.3975,0.2837,0.3188,1.48,1.3,https://theopenmodel.com/match/espanyol-vs-alaves-2027-05-30/
2027-05-30T15:00:00+00:00,la-liga,"Regular Season - 38","Real Madrid","Depor",0.8401,0.1333,0.0265,2.46,0.32,https://theopenmodel.com/match/real-madrid-vs-depor-2027-05-30/
2027-05-30T15:00:00+00:00,la-liga,"Regular Season - 38","Betis","Atletico",0.3242,0.2841,0.3918,1.32,1.47,https://theopenmodel.com/match/betis-vs-atletico-2027-05-30/
2027-05-30T15:00:00+00:00,la-liga,"Regular Season - 38","Getafe","Barcelona",0.1168,0.2244,0.6588,0.75,2.03,https://theopenmodel.com/match/getafe-vs-barcelona-2027-05-30/
2027-05-30T15:00:00+00:00,la-liga,"Regular Season - 38","Sociedad","Villarreal",0.3085,0.283,0.4085,1.28,1.5,https://theopenmodel.com/match/sociedad-vs-villarreal-2027-05-30/
2027-05-30T15:00:00+00:00,la-liga,"Regular Season - 38","Osasuna","Valencia",0.3615,0.2849,0.3536,1.4,1.38,https://theopenmodel.com/match/osasuna-vs-valencia-2027-05-30/
2027-05-30T15:00:00+00:00,la-liga,"Regular Season - 38","Elche","Santander",0.4593,0.2774,0.2633,1.61,1.17,https://theopenmodel.com/match/elche-vs-santander-2027-05-30/
2027-05-30T16:30:00+00:00,serie-a,"Regular Season - 38","Lazio","Fiorentina",0.4532,0.2783,0.2685,1.6,1.19,https://theopenmodel.com/match/lazio-vs-fiorentina-2027-05-30/
2027-05-30T16:30:00+00:00,serie-a,"Regular Season - 38","Sassuolo","Inter",0.1417,0.2385,0.6197,0.84,1.94,https://theopenmodel.com/match/sassuolo-vs-inter-2027-05-30/
2027-05-30T16:30:00+00:00,serie-a,"Regular Season - 38","Milan","Udinese",0.537,0.2625,0.2005,1.77,1.01,https://theopenmodel.com/match/milan-vs-udinese-2027-05-30/
2027-05-30T16:30:00+00:00,serie-a,"Regular Season - 38","Cagliari","Roma",0.2126,0.2661,0.5213,1.04,1.74,https://theopenmodel.com/match/cagliari-vs-roma-2027-05-30/
2027-05-30T16:30:00+00:00,serie-a,"Regular Season - 38","Napoli","Atalanta",0.4468,0.2791,0.274,1.58,1.2,https://theopenmodel.com/match/napoli-vs-atalanta-2027-05-30/
2027-05-30T16:30:00+00:00,serie-a,"Regular Season - 38","Juventus","Frosinone",0.6609,0.2236,0.1155,2.03,0.75,https://theopenmodel.com/match/juventus-vs-frosinone-2027-05-30/
2027-05-30T16:30:00+00:00,serie-a,"Regular Season - 38","Bologna","Parma",0.5498,0.2593,0.1908,1.8,0.99,https://theopenmodel.com/match/bologna-vs-parma-2027-05-30/
2027-05-30T16:30:00+00:00,serie-a,"Regular Season - 38","Lecce","Venezia",0.3781,0.2846,0.3373,1.44,1.35,https://theopenmodel.com/match/lecce-vs-venezia-2027-05-30/
2027-05-30T16:30:00+00:00,serie-a,"Regular Season - 38","Como","Genoa",0.5951,0.2465,0.1583,1.89,0.89,https://theopenmodel.com/match/como-vs-genoa-2027-05-30/
2027-05-30T16:30:00+00:00,serie-a,"Regular Season - 38","Monza","Torino",0.3191,0.2838,0.3971,1.3,1.48,https://theopenmodel.com/match/monza-vs-torino-2027-05-30/
